rank,name,noc,starting_number,tss,tes,tpcs,deductions,base_value,element,element_no,event,extra_points,factor,final_score,goe,info,is_element,program_component,year,J1,J2,J3,J4,J5,J6,J7,J8,J9,is_short_program,category,event_type
1,Mai Mihara,JPN,20,145.41,76.4,69.01,0.0,10.1,3Lz+3T,1.0,fc2022,0.0,,11.87,1.77,,1,,2122,3.0,3.0,2.0,3.0,3.0,3.0,3.0,3.0,3.0,0,women,individual
1,Mai Mihara,JPN,20,145.41,76.4,69.01,0.0,3.3,2A,2.0,fc2022,0.0,,4.24,0.94,,1,,2122,2.0,1.0,3.0,3.0,3.0,4.0,4.0,3.0,2.0,0,women,individual
1,Mai Mihara,JPN,20,145.41,76.4,69.01,0.0,5.3,3F,3.0,fc2022,0.0,,6.81,1.51,,1,,2122,2.0,2.0,3.0,3.0,3.0,3.0,3.0,3.0,3.0,0,women,individual
1,Mai Mihara,JPN,20,145.41,76.4,69.01,0.0,4.3,3S,4.0,fc2022,0.0,,5.47,1.17,,1,,2122,2.0,2.0,2.0,3.0,3.0,3.0,3.0,3.0,3.0,0,women,individual
1,Mai Mihara,JPN,20,145.41,76.4,69.01,0.0,3.5,CCoSp4,5.0,fc2022,0.0,,4.65,1.15,,1,,2122,3.0,2.0,3.0,3.0,3.0,4.0,4.0,4.0,3.0,0,women,individual
1,Mai Mihara,JPN,20,145.41,76.4,69.01,0.0,8.25,2A+3T,6.0,fc2022,1.0,,9.27,1.02,,1,,2122,2.0,2.0,2.0,3.0,2.0,2.0,3.0,3.0,3.0,0,women,individual
1,Mai Mihara,JPN,20,145.41,76.4,69.01,0.0,9.79,3Lz+2T+2Lo,7.0,fc2022,1.0,,11.14,1.35,,1,,2122,1.0,2.0,2.0,3.0,2.0,2.0,3.0,3.0,2.0,0,women,individual
1,Mai Mihara,JPN,20,145.41,76.4,69.01,0.0,5.39,3Lo,8.0,fc2022,1.0,,6.37,0.98,,1,,2122,1.0,2.0,2.0,3.0,2.0,2.0,2.0,2.0,2.0,0,women,individual
1,Mai Mihara,JPN,20,145.41,76.4,69.01,0.0,3.0,FSSp4,9.0,fc2022,0.0,,4.07,1.07,,1,,2122,3.0,3.0,3.0,4.0,4.0,4.0,4.0,4.0,3.0,0,women,individual
1,Mai Mihara,JPN,20,145.41,76.4,69.01,0.0,3.9,StSq4,10.0,fc2022,0.0,,5.4,1.5,,1,,2122,4.0,3.0,3.0,4.0,5.0,4.0,4.0,4.0,4.0,0,women,individual
1,Mai Mihara,JPN,20,145.41,76.4,69.01,0.0,3.0,ChSq1,11.0,fc2022,0.0,,4.79,1.79,,1,,2122,3.0,3.0,3.0,4.0,5.0,3.0,4.0,4.0,4.0,0,women,individual
1,Mai Mihara,JPN,20,145.41,76.4,69.01,0.0,2.5,FCCoSp2,12.0,fc2022,0.0,,2.32,-0.18,,1,,2122,-4.0,-1.0,1.0,1.0,-1.0,2.0,-3.0,0.0,-2.0,0,women,individual
1,Mai Mihara,JPN,20,145.41,76.4,69.01,0.0,,,,fc2022,,1.6,8.75,,,0,Composition,2122,8.75,8.5,8.75,9.0,8.5,9.25,8.5,9.0,8.75,0,women,individual
1,Mai Mihara,JPN,20,145.41,76.4,69.01,0.0,,,,fc2022,,1.6,8.64,,,0,Interpretation of the Music,2122,8.5,8.25,8.75,9.0,8.5,8.75,8.5,8.75,8.75,0,women,individual
1,Mai Mihara,JPN,20,145.41,76.4,69.01,0.0,,,,fc2022,,1.6,8.64,,,0,Performance,2122,8.5,8.5,8.75,9.0,8.5,8.75,8.25,9.0,8.5,0,women,individual
1,Mai Mihara,JPN,20,145.41,76.4,69.01,0.0,,,,fc2022,,1.6,8.57,,,0,Skating Skills,2122,8.75,8.25,8.5,8.75,8.25,9.0,8.5,8.75,8.5,0,women,individual
1,Mai Mihara,JPN,20,145.41,76.4,69.01,0.0,,,,fc2022,,1.6,8.54,,,0,Transitions,2122,8.75,8.5,8.5,8.75,8.25,8.75,8.0,8.5,8.5,0,women,individual
2,Haein Lee,KOR,19,143.55,76.42,67.13,0.0,10.1,3Lz+3T,1.0,fc2022,0.0,,11.79,1.69,,1,,2122,2.0,3.0,2.0,3.0,3.0,4.0,3.0,3.0,3.0,0,women,individual
2,Haein Lee,KOR,19,143.55,76.42,67.13,0.0,4.9,3Lo,2.0,fc2022,0.0,,6.37,1.47,,1,,2122,3.0,2.0,3.0,3.0,3.0,3.0,4.0,3.0,3.0,0,women,individual
2,Haein Lee,KOR,19,143.55,76.42,67.13,0.0,7.5,2A+3T,3.0,fc2022,0.0,,8.46,0.96,,1,,2122,2.0,2.0,2.0,2.0,2.0,3.0,3.0,3.0,2.0,0,women,individual
2,Haein Lee,KOR,19,143.55,76.42,67.13,0.0,4.3,3S,4.0,fc2022,0.0,,5.34,1.04,,1,,2122,2.0,2.0,2.0,2.0,3.0,3.0,3.0,2.0,3.0,0,women,individual
2,Haein Lee,KOR,19,143.55,76.42,67.13,0.0,3.5,FCCoSp4,5.0,fc2022,0.0,,3.8,0.3,,1,,2122,0.0,0.0,1.0,2.0,1.0,0.0,1.0,2.0,1.0,0,women,individual
2,Haein Lee,KOR,19,143.55,76.42,67.13,0.0,9.79,3Lz+2T+2Lo,6.0,fc2022,1.0,,10.97,1.18,,1,,2122,2.0,2.0,2.0,2.0,2.0,1.0,2.0,2.0,2.0,0,women,individual
2,Haein Lee,KOR,19,143.55,76.42,67.13,0.0,5.83,3F,7.0,fc2022,1.0,,7.04,1.21,,1,,2122,2.0,2.0,3.0,2.0,2.0,2.0,3.0,3.0,2.0,0,women,individual
2,Haein Lee,KOR,19,143.55,76.42,67.13,0.0,3.9,StSq4,8.0,fc2022,0.0,,5.07,1.17,,1,,2122,3.0,3.0,2.0,3.0,3.0,3.0,3.0,3.0,3.0,0,women,individual
2,Haein Lee,KOR,19,143.55,76.42,67.13,0.0,3.63,2A,9.0,fc2022,1.0,,4.1,0.47,,1,,2122,1.0,0.0,2.0,2.0,1.0,1.0,2.0,2.0,1.0,0,women,individual
2,Haein Lee,KOR,19,143.55,76.42,67.13,0.0,3.0,ChSq1,10.0,fc2022,0.0,,4.71,1.71,,1,,2122,3.0,2.0,4.0,3.0,3.0,3.0,4.0,4.0,4.0,0,women,individual
2,Haein Lee,KOR,19,143.55,76.42,67.13,0.0,3.2,FCSp4,11.0,fc2022,0.0,,4.07,0.87,,1,,2122,4.0,2.0,3.0,2.0,3.0,3.0,3.0,3.0,2.0,0,women,individual
2,Haein Lee,KOR,19,143.55,76.42,67.13,0.0,3.5,CCoSp4,12.0,fc2022,0.0,,4.7,1.2,,1,,2122,4.0,3.0,3.0,3.0,3.0,4.0,4.0,4.0,3.0,0,women,individual
2,Haein Lee,KOR,19,143.55,76.42,67.13,0.0,,,,fc2022,,1.6,8.43,,,0,Composition,2122,8.5,8.0,8.5,8.25,8.25,9.0,8.5,8.75,8.25,0,women,individual
2,Haein Lee,KOR,19,143.55,76.42,67.13,0.0,,,,fc2022,,1.6,8.39,,,0,Interpretation of the Music,2122,8.75,7.5,8.5,8.0,8.0,9.0,8.5,8.75,8.25,0,women,individual
2,Haein Lee,KOR,19,143.55,76.42,67.13,0.0,,,,fc2022,,1.6,8.57,,,0,Performance,2122,8.75,8.25,8.75,8.25,8.5,9.25,8.5,8.75,8.5,0,women,individual
2,Haein Lee,KOR,19,143.55,76.42,67.13,0.0,,,,fc2022,,1.6,8.43,,,0,Skating Skills,2122,8.75,8.25,8.5,8.25,8.0,8.75,8.25,8.5,8.5,0,women,individual
2,Haein Lee,KOR,19,143.55,76.42,67.13,0.0,,,,fc2022,,1.6,8.14,,,0,Transitions,2122,8.5,8.0,8.25,8.0,7.5,8.75,8.0,8.25,8.0,0,women,individual
3,Rino Matsuike,JPN,13,142.05,76.57,65.48,0.0,5.9,3Lz,1.0,fc2022,0.0,,7.67,1.77,,1,,2122,2.0,3.0,3.0,3.0,3.0,3.0,3.0,3.0,3.0,0,women,individual
3,Rino Matsuike,JPN,13,142.05,76.57,65.48,0.0,5.3,3F!,2.0,fc2022,0.0,,5.98,0.68,!,1,,2122,1.0,1.0,0.0,2.0,2.0,1.0,1.0,2.0,1.0,0,women,individual
3,Rino Matsuike,JPN,13,142.05,76.57,65.48,0.0,3.3,2A,3.0,fc2022,0.0,,4.24,0.94,,1,,2122,2.0,2.0,3.0,3.0,3.0,3.0,3.0,3.0,3.0,0,women,individual
3,Rino Matsuike,JPN,13,142.05,76.57,65.48,0.0,3.3,2A,4.0,fc2022,0.0,,4.05,0.75,,1,,2122,2.0,2.0,2.0,2.0,4.0,3.0,2.0,3.0,2.0,0,women,individual
3,Rino Matsuike,JPN,13,142.05,76.57,65.48,0.0,3.5,FCCoSp4,5.0,fc2022,0.0,,4.4,0.9,,1,,2122,2.0,3.0,2.0,2.0,3.0,3.0,3.0,3.0,2.0,0,women,individual
3,Rino Matsuike,JPN,13,142.05,76.57,65.48,0.0,3.9,StSq4,6.0,fc2022,0.0,,5.18,1.28,,1,,2122,3.0,3.0,2.0,4.0,5.0,3.0,3.0,4.0,3.0,0,women,individual
3,Rino Matsuike,JPN,13,142.05,76.57,65.48,0.0,12.54,3Lz+3T+2T,7.0,fc2022,1.0,,13.8,1.26,,1,,2122,1.0,2.0,2.0,2.0,3.0,1.0,3.0,3.0,2.0,0,women,individual
3,Rino Matsuike,JPN,13,142.05,76.57,65.48,0.0,9.35,3S+3T,8.0,fc2022,1.0,,10.52,1.17,,1,,2122,2.0,2.0,3.0,2.0,4.0,3.0,3.0,3.0,3.0,0,women,individual
3,Rino Matsuike,JPN,13,142.05,76.57,65.48,0.0,6.82,3Lo+2T,9.0,fc2022,1.0,,7.73,0.91,,1,,2122,2.0,1.0,2.0,2.0,3.0,1.0,1.0,3.0,2.0,0,women,individual
3,Rino Matsuike,JPN,13,142.05,76.57,65.48,0.0,3.0,ChSq1,10.0,fc2022,0.0,,4.79,1.79,,1,,2122,4.0,3.0,3.0,4.0,5.0,3.0,3.0,4.0,4.0,0,women,individual
3,Rino Matsuike,JPN,13,142.05,76.57,65.48,0.0,3.5,CCoSp4,11.0,fc2022,0.0,,4.85,1.35,,1,,2122,4.0,3.0,4.0,4.0,4.0,4.0,3.0,4.0,4.0,0,women,individual
3,Rino Matsuike,JPN,13,142.05,76.57,65.48,0.0,2.7,LSp4,12.0,fc2022,0.0,,3.36,0.66,,1,,2122,2.0,2.0,3.0,3.0,3.0,2.0,1.0,3.0,2.0,0,women,individual
3,Rino Matsuike,JPN,13,142.05,76.57,65.48,0.0,,,,fc2022,,1.6,8.25,,,0,Composition,2122,7.75,8.25,8.25,8.25,8.5,8.25,7.75,8.5,8.5,0,women,individual
3,Rino Matsuike,JPN,13,142.05,76.57,65.48,0.0,,,,fc2022,,1.6,8.18,,,0,Interpretation of the Music,2122,8.0,8.0,8.0,8.25,8.25,8.25,7.75,8.75,8.5,0,women,individual
3,Rino Matsuike,JPN,13,142.05,76.57,65.48,0.0,,,,fc2022,,1.6,8.32,,,0,Performance,2122,8.0,8.5,8.0,8.25,8.75,8.5,7.75,8.5,8.5,0,women,individual
3,Rino Matsuike,JPN,13,142.05,76.57,65.48,0.0,,,,fc2022,,1.6,8.04,,,0,Skating Skills,2122,7.5,7.75,7.75,8.5,8.0,8.25,7.75,8.5,8.25,0,women,individual
3,Rino Matsuike,JPN,13,142.05,76.57,65.48,0.0,,,,fc2022,,1.6,8.14,,,0,Transitions,2122,8.0,8.0,7.75,8.5,8.25,8.25,7.5,8.5,8.25,0,women,individual
4,Yelim Kim,KOR,18,140.98,74.06,66.92,0.0,10.1,3Lz+3T,1.0,fc2022,0.0,,12.12,2.02,,1,,2122,2.0,3.0,3.0,3.0,4.0,3.0,4.0,4.0,4.0,0,women,individual
4,Yelim Kim,KOR,18,140.98,74.06,66.92,0.0,7.5,2A+3T,2.0,fc2022,0.0,,8.58,1.08,,1,,2122,2.0,2.0,2.0,2.0,3.0,3.0,4.0,3.0,3.0,0,women,individual
4,Yelim Kim,KOR,18,140.98,74.06,66.92,0.0,4.9,3Lo,3.0,fc2022,0.0,,5.74,0.84,,1,,2122,1.0,1.0,2.0,2.0,1.0,2.0,3.0,2.0,2.0,0,women,individual
4,Yelim Kim,KOR,18,140.98,74.06,66.92,0.0,5.3,3F,4.0,fc2022,0.0,,6.59,1.29,,1,,2122,1.0,2.0,2.0,2.0,3.0,2.0,3.0,3.0,3.0,0,women,individual
4,Yelim Kim,KOR,18,140.98,74.06,66.92,0.0,3.2,FCSp4,5.0,fc2022,0.0,,3.98,0.78,,1,,2122,2.0,2.0,2.0,2.0,3.0,3.0,3.0,3.0,2.0,0,women,individual
4,Yelim Kim,KOR,18,140.98,74.06,66.92,0.0,6.49,3Lz,6.0,fc2022,1.0,,8.34,1.85,,1,,2122,2.0,3.0,3.0,3.0,4.0,3.0,4.0,3.0,3.0,0,women,individual
4,Yelim Kim,KOR,18,140.98,74.06,66.92,0.0,8.03,3S+2T+2Lo,7.0,fc2022,1.0,,8.34,0.31,,1,,2122,0.0,0.0,2.0,1.0,0.0,0.0,1.0,2.0,1.0,0,women,individual
4,Yelim Kim,KOR,18,140.98,74.06,66.92,0.0,3.5,CCoSp4,8.0,fc2022,0.0,,4.3,0.8,,1,,2122,2.0,2.0,2.0,2.0,2.0,3.0,3.0,3.0,2.0,0,women,individual
4,Yelim Kim,KOR,18,140.98,74.06,66.92,0.0,3.0,ChSq1,9.0,fc2022,0.0,,4.29,1.29,,1,,2122,1.0,2.0,3.0,2.0,3.0,3.0,4.0,3.0,2.0,0,women,individual
4,Yelim Kim,KOR,18,140.98,74.06,66.92,0.0,3.63,2A,10.0,fc2022,1.0,,4.2,0.57,,1,,2122,0.0,-1.0,2.0,2.0,1.0,3.0,3.0,2.0,2.0,0,women,individual
4,Yelim Kim,KOR,18,140.98,74.06,66.92,0.0,3.3,StSq3,11.0,fc2022,0.0,,4.29,0.99,,1,,2122,2.0,3.0,3.0,3.0,3.0,4.0,4.0,3.0,2.0,0,women,individual
4,Yelim Kim,KOR,18,140.98,74.06,66.92,0.0,2.5,SSp4,12.0,fc2022,0.0,,3.29,0.79,,1,,2122,3.0,3.0,2.0,3.0,3.0,4.0,4.0,3.0,3.0,0,women,individual
4,Yelim Kim,KOR,18,140.98,74.06,66.92,0.0,,,,fc2022,,1.6,8.43,,,0,Composition,2122,8.5,8.5,8.75,8.0,8.0,8.75,8.75,8.5,8.0,0,women,individual
4,Yelim Kim,KOR,18,140.98,74.06,66.92,0.0,,,,fc2022,,1.6,8.5,,,0,Interpretation of the Music,2122,8.25,8.5,8.75,8.5,7.75,9.0,8.75,8.5,8.25,0,women,individual
4,Yelim Kim,KOR,18,140.98,74.06,66.92,0.0,,,,fc2022,,1.6,8.46,,,0,Performance,2122,8.0,8.25,8.75,8.25,8.25,9.25,8.75,8.75,8.25,0,women,individual
4,Yelim Kim,KOR,18,140.98,74.06,66.92,0.0,,,,fc2022,,1.6,8.36,,,0,Skating Skills,2122,8.25,8.5,8.5,8.0,8.0,8.75,8.5,8.5,8.25,0,women,individual
4,Yelim Kim,KOR,18,140.98,74.06,66.92,0.0,,,,fc2022,,1.6,8.07,,,0,Transitions,2122,8.0,8.5,8.5,7.5,7.5,8.75,8.25,8.0,7.75,0,women,individual
5,Audrey Shin,USA,16,136.66,72.32,64.34,0.0,5.9,3Lz,1.0,fc2022,0.0,,7.25,1.35,,1,,2122,3.0,2.0,3.0,2.0,2.0,2.0,2.0,3.0,2.0,0,women,individual
5,Audrey Shin,USA,16,136.66,72.32,64.34,0.0,8.4,3T+3T,2.0,fc2022,0.0,,9.24,0.84,,1,,2122,2.0,2.0,2.0,2.0,2.0,2.0,1.0,2.0,2.0,0,women,individual
5,Audrey Shin,USA,16,136.66,72.32,64.34,0.0,4.3,3S,3.0,fc2022,0.0,,5.41,1.11,,1,,2122,3.0,1.0,3.0,2.0,2.0,3.0,3.0,3.0,2.0,0,women,individual
5,Audrey Shin,USA,16,136.66,72.32,64.34,0.0,3.3,2A,4.0,fc2022,0.0,,3.91,0.61,,1,,2122,2.0,1.0,2.0,2.0,1.0,2.0,2.0,2.0,2.0,0,women,individual
5,Audrey Shin,USA,16,136.66,72.32,64.34,0.0,3.2,FCSp4,5.0,fc2022,0.0,,4.16,0.96,,1,,2122,4.0,3.0,3.0,3.0,2.0,3.0,3.0,3.0,3.0,0,women,individual
5,Audrey Shin,USA,16,136.66,72.32,64.34,0.0,3.0,ChSq1,6.0,fc2022,0.0,,4.5,1.5,,1,,2122,3.0,3.0,2.0,3.0,4.0,2.0,3.0,4.0,3.0,0,women,individual
5,Audrey Shin,USA,16,136.66,72.32,64.34,0.0,7.92,3Lz+2T,7.0,fc2022,1.0,,8.85,0.93,,1,,2122,2.0,0.0,2.0,2.0,1.0,1.0,2.0,2.0,1.0,0,women,individual
5,Audrey Shin,USA,16,136.66,72.32,64.34,0.0,9.13,3F+2T+2Lo,8.0,fc2022,1.0,,9.89,0.76,,1,,2122,1.0,1.0,2.0,2.0,1.0,1.0,1.0,3.0,2.0,0,women,individual
5,Audrey Shin,USA,16,136.66,72.32,64.34,0.0,5.39,3Lo,9.0,fc2022,1.0,,6.16,0.77,,1,,2122,1.0,0.0,2.0,2.0,2.0,2.0,1.0,2.0,1.0,0,women,individual
5,Audrey Shin,USA,16,136.66,72.32,64.34,0.0,3.5,CCoSp4,10.0,fc2022,0.0,,4.45,0.95,,1,,2122,3.0,2.0,3.0,3.0,2.0,3.0,2.0,3.0,3.0,0,women,individual
5,Audrey Shin,USA,16,136.66,72.32,64.34,0.0,3.9,StSq4,11.0,fc2022,0.0,,5.18,1.28,,1,,2122,4.0,3.0,3.0,4.0,4.0,3.0,3.0,3.0,3.0,0,women,individual
5,Audrey Shin,USA,16,136.66,72.32,64.34,0.0,2.7,LSp4,12.0,fc2022,0.0,,3.32,0.62,,1,,2122,3.0,2.0,2.0,2.0,2.0,2.0,2.0,3.0,3.0,0,women,individual
5,Audrey Shin,USA,16,136.66,72.32,64.34,0.0,,,,fc2022,,1.6,8.14,,,0,Composition,2122,8.5,7.75,8.25,8.5,8.0,7.75,8.0,8.5,8.0,0,women,individual
5,Audrey Shin,USA,16,136.66,72.32,64.34,0.0,,,,fc2022,,1.6,8.18,,,0,Interpretation of the Music,2122,8.5,7.5,8.5,8.25,8.0,7.75,8.0,8.5,8.25,0,women,individual
5,Audrey Shin,USA,16,136.66,72.32,64.34,0.0,,,,fc2022,,1.6,8.21,,,0,Performance,2122,8.5,7.25,8.5,8.25,8.25,8.0,8.0,8.25,8.25,0,women,individual
5,Audrey Shin,USA,16,136.66,72.32,64.34,0.0,,,,fc2022,,1.6,7.86,,,0,Skating Skills,2122,8.25,7.25,8.25,7.75,7.5,7.75,7.75,8.0,8.0,0,women,individual
5,Audrey Shin,USA,16,136.66,72.32,64.34,0.0,,,,fc2022,,1.6,7.82,,,0,Transitions,2122,8.25,7.5,8.25,7.75,7.5,7.5,7.75,8.0,8.0,0,women,individual
6,Yuhana Yokoi,JPN,9,131.41,69.89,61.52,0.0,3.3,2A,1.0,fc2022,0.0,,4.48,1.18,,1,,2122,3.0,4.0,3.0,3.0,4.0,5.0,4.0,3.0,4.0,0,women,individual
6,Yuhana Yokoi,JPN,9,131.41,69.89,61.52,0.0,5.3,3F,2.0,fc2022,0.0,,6.36,1.06,,1,,2122,1.0,2.0,2.0,3.0,3.0,1.0,2.0,2.0,2.0,0,women,individual
6,Yuhana Yokoi,JPN,9,131.41,69.89,61.52,0.0,4.9,3Lo,3.0,fc2022,0.0,,5.95,1.05,,1,,2122,2.0,2.0,2.0,2.0,2.0,1.0,2.0,3.0,3.0,0,women,individual
6,Yuhana Yokoi,JPN,9,131.41,69.89,61.52,0.0,3.0,FSSp4,4.0,fc2022,0.0,,3.43,0.43,,1,,2122,1.0,1.0,2.0,2.0,1.0,1.0,2.0,2.0,1.0,0,women,individual
6,Yuhana Yokoi,JPN,9,131.41,69.89,61.52,0.0,3.5,FCCoSp4,5.0,fc2022,0.0,,4.0,0.5,,1,,2122,1.0,1.0,2.0,1.0,2.0,2.0,1.0,2.0,1.0,0,women,individual
6,Yuhana Yokoi,JPN,9,131.41,69.89,61.52,0.0,3.3,2A,6.0,fc2022,0.0,,4.29,0.99,,1,,2122,3.0,3.0,3.0,3.0,3.0,4.0,3.0,3.0,3.0,0,women,individual
6,Yuhana Yokoi,JPN,9,131.41,69.89,61.52,0.0,11.11,3Lz+3T,7.0,fc2022,1.0,,12.63,1.52,,1,,2122,1.0,3.0,2.0,1.0,3.0,3.0,3.0,3.0,3.0,0,women,individual
6,Yuhana Yokoi,JPN,9,131.41,69.89,61.52,0.0,3.5,CCoSp4,8.0,fc2022,0.0,,3.85,0.35,,1,,2122,0.0,0.0,2.0,1.0,1.0,1.0,1.0,1.0,2.0,0,women,individual
6,Yuhana Yokoi,JPN,9,131.41,69.89,61.52,0.0,7.92,3Lz+2T,9.0,fc2022,1.0,,9.27,1.35,,1,,2122,1.0,2.0,3.0,2.0,3.0,3.0,2.0,2.0,2.0,0,women,individual
6,Yuhana Yokoi,JPN,9,131.41,69.89,61.52,0.0,6.16,3S+2T,10.0,fc2022,1.0,,6.77,0.61,,1,,2122,0.0,1.0,2.0,1.0,0.0,2.0,2.0,2.0,2.0,0,women,individual
6,Yuhana Yokoi,JPN,9,131.41,69.89,61.52,0.0,3.0,ChSq1,11.0,fc2022,0.0,,4.71,1.71,,1,,2122,4.0,3.0,4.0,3.0,4.0,3.0,3.0,4.0,3.0,0,women,individual
6,Yuhana Yokoi,JPN,9,131.41,69.89,61.52,0.0,3.3,StSq3,12.0,fc2022,0.0,,4.15,0.85,,1,,2122,3.0,2.0,3.0,2.0,3.0,3.0,3.0,2.0,2.0,0,women,individual
6,Yuhana Yokoi,JPN,9,131.41,69.89,61.52,0.0,,,,fc2022,,1.6,7.68,,,0,Composition,2122,7.25,7.5,7.5,7.75,7.75,8.25,7.75,7.75,7.75,0,women,individual
6,Yuhana Yokoi,JPN,9,131.41,69.89,61.52,0.0,,,,fc2022,,1.6,7.86,,,0,Interpretation of the Music,2122,8.0,7.5,7.75,8.25,8.0,8.5,7.75,7.75,7.5,0,women,individual
6,Yuhana Yokoi,JPN,9,131.41,69.89,61.52,0.0,,,,fc2022,,1.6,7.93,,,0,Performance,2122,7.5,8.0,7.75,8.25,8.0,8.75,7.75,8.0,7.75,0,women,individual
6,Yuhana Yokoi,JPN,9,131.41,69.89,61.52,0.0,,,,fc2022,,1.6,7.61,,,0,Skating Skills,2122,7.25,7.75,7.5,7.75,7.5,8.25,7.75,7.5,7.5,0,women,individual
6,Yuhana Yokoi,JPN,9,131.41,69.89,61.52,0.0,,,,fc2022,,1.6,7.36,,,0,Transitions,2122,6.5,7.25,7.75,7.75,7.5,7.0,7.5,7.0,7.5,0,women,individual
7,Young You,KOR,17,130.7,67.8,64.9,-2.0,3.3,3A<<,1.0,fc2022,0.0,,1.65,-1.65,<<,1,,2122,-5.0,-5.0,-5.0,-5.0,-5.0,-5.0,-5.0,-5.0,-5.0,0,women,individual
7,Young You,KOR,17,130.7,67.8,64.9,-2.0,10.1,3Lz+3T,2.0,fc2022,0.0,,11.7,1.6,,1,,2122,3.0,3.0,2.0,2.0,3.0,3.0,4.0,3.0,2.0,0,women,individual
7,Young You,KOR,17,130.7,67.8,64.9,-2.0,4.9,3Lo,3.0,fc2022,0.0,,6.09,1.19,,1,,2122,2.0,2.0,2.0,2.0,2.0,3.0,4.0,3.0,3.0,0,women,individual
7,Young You,KOR,17,130.7,67.8,64.9,-2.0,3.3,2A,4.0,fc2022,0.0,,4.15,0.85,,1,,2122,2.0,2.0,2.0,2.0,3.0,3.0,3.0,3.0,3.0,0,women,individual
7,Young You,KOR,17,130.7,67.8,64.9,-2.0,3.3,StSq3,5.0,fc2022,0.0,,4.15,0.85,,1,,2122,2.0,3.0,1.0,3.0,2.0,3.0,3.0,3.0,2.0,0,women,individual
7,Young You,KOR,17,130.7,67.8,64.9,-2.0,11.77,3Lz+1Eu+3S,6.0,fc2022,1.0,,13.54,1.77,,1,,2122,2.0,3.0,2.0,3.0,4.0,3.0,3.0,4.0,3.0,0,women,individual
7,Young You,KOR,17,130.7,67.8,64.9,-2.0,2.7,LSp4,7.0,fc2022,0.0,,3.47,0.77,,1,,2122,3.0,2.0,3.0,3.0,3.0,3.0,3.0,3.0,2.0,0,women,individual
7,Young You,KOR,17,130.7,67.8,64.9,-2.0,4.91,1A+3T<,8.0,fc2022,1.0,,3.23,-1.68,<,1,,2122,-5.0,-5.0,-5.0,-5.0,-5.0,-5.0,-5.0,-5.0,-5.0,0,women,individual
7,Young You,KOR,17,130.7,67.8,64.9,-2.0,5.83,3F,9.0,fc2022,1.0,,7.12,1.29,,1,,2122,0.0,2.0,2.0,2.0,3.0,3.0,3.0,2.0,3.0,0,women,individual
7,Young You,KOR,17,130.7,67.8,64.9,-2.0,3.5,FCCoSp4,10.0,fc2022,0.0,,4.25,0.75,,1,,2122,0.0,2.0,2.0,2.0,2.0,2.0,3.0,3.0,2.0,0,women,individual
7,Young You,KOR,17,130.7,67.8,64.9,-2.0,3.0,ChSq1,11.0,fc2022,0.0,,4.64,1.64,,1,,2122,1.0,3.0,3.0,4.0,4.0,3.0,4.0,3.0,3.0,0,women,individual
7,Young You,KOR,17,130.7,67.8,64.9,-2.0,3.0,CCoSp3,12.0,fc2022,0.0,,3.81,0.81,,1,,2122,2.0,1.0,3.0,3.0,3.0,3.0,3.0,3.0,2.0,0,women,individual
7,Young You,KOR,17,130.7,67.8,64.9,-2.0,,,,fc2022,,1.6,8.29,,,0,Composition,2122,8.25,8.25,8.5,8.0,7.75,8.5,8.75,8.75,7.75,0,women,individual
7,Young You,KOR,17,130.7,67.8,64.9,-2.0,,,,fc2022,,1.6,8.14,,,0,Interpretation of the Music,2122,8.5,7.75,8.5,7.75,7.5,8.25,8.5,8.75,7.75,0,women,individual
7,Young You,KOR,17,130.7,67.8,64.9,-2.0,,,,fc2022,,1.6,8.04,,,0,Performance,2122,8.5,7.75,8.0,7.5,8.0,8.0,8.25,8.5,7.75,0,women,individual
7,Young You,KOR,17,130.7,67.8,64.9,-2.0,,,,fc2022,,1.6,8.21,,,0,Skating Skills,2122,8.5,8.25,7.75,7.75,7.75,8.5,8.75,8.5,8.25,0,women,individual
7,Young You,KOR,17,130.7,67.8,64.9,-2.0,,,,fc2022,,1.6,7.89,,,0,Transitions,2122,8.0,8.0,7.75,7.75,7.5,8.0,8.5,8.25,7.5,0,women,individual
8,Gabriella Izzo,USA,14,116.87,58.44,59.43,-1.0,7.5,2A+3T,1.0,fc2022,0.0,,8.46,0.96,,1,,2122,2.0,2.0,3.0,1.0,2.0,3.0,2.0,3.0,2.0,0,women,individual
8,Gabriella Izzo,USA,14,116.87,58.44,59.43,-1.0,8.3,3F+2T+2Lo,2.0,fc2022,0.0,,8.68,0.38,,1,,2122,0.0,0.0,1.0,1.0,1.0,0.0,1.0,2.0,1.0,0,women,individual
8,Gabriella Izzo,USA,14,116.87,58.44,59.43,-1.0,7.2,3Lz+2T,3.0,fc2022,0.0,,7.79,0.59,,1,,2122,0.0,0.0,1.0,1.0,1.0,1.0,2.0,1.0,2.0,0,women,individual
8,Gabriella Izzo,USA,14,116.87,58.44,59.43,-1.0,4.9,3Lo,4.0,fc2022,0.0,,2.45,-2.45,,1,,2122,-5.0,-5.0,-5.0,-5.0,-5.0,-5.0,-5.0,-5.0,-5.0,0,women,individual
8,Gabriella Izzo,USA,14,116.87,58.44,59.43,-1.0,3.5,CCoSp4,5.0,fc2022,0.0,,4.3,0.8,,1,,2122,2.0,1.0,2.0,2.0,3.0,2.0,2.0,3.0,3.0,0,women,individual
8,Gabriella Izzo,USA,14,116.87,58.44,59.43,-1.0,3.3,StSq3,6.0,fc2022,0.0,,3.91,0.61,,1,,2122,2.0,2.0,2.0,1.0,2.0,2.0,2.0,3.0,1.0,0,women,individual
8,Gabriella Izzo,USA,14,116.87,58.44,59.43,-1.0,0.66,1Lz,7.0,fc2022,1.0,,0.65,-0.01,,1,,2122,-1.0,-1.0,0.0,0.0,1.0,0.0,0.0,0.0,0.0,0,women,individual
8,Gabriella Izzo,USA,14,116.87,58.44,59.43,-1.0,5.83,3F,8.0,fc2022,1.0,,5.68,-0.15,,1,,2122,0.0,-2.0,-1.0,0.0,0.0,0.0,0.0,-1.0,0.0,0,women,individual
8,Gabriella Izzo,USA,14,116.87,58.44,59.43,-1.0,3.63,2A,9.0,fc2022,1.0,,4.15,0.52,,1,,2122,2.0,0.0,2.0,1.0,1.0,1.0,2.0,2.0,3.0,0,women,individual
8,Gabriella Izzo,USA,14,116.87,58.44,59.43,-1.0,3.0,ChSq1,10.0,fc2022,0.0,,4.29,1.29,,1,,2122,2.0,2.0,3.0,2.0,3.0,3.0,3.0,4.0,2.0,0,women,individual
8,Gabriella Izzo,USA,14,116.87,58.44,59.43,-1.0,3.5,FCCoSp4,11.0,fc2022,0.0,,4.45,0.95,,1,,2122,3.0,2.0,3.0,2.0,3.0,3.0,3.0,3.0,2.0,0,women,individual
8,Gabriella Izzo,USA,14,116.87,58.44,59.43,-1.0,2.7,LSp4,12.0,fc2022,0.0,,3.63,0.93,,1,,2122,4.0,3.0,4.0,3.0,4.0,4.0,3.0,2.0,3.0,0,women,individual
8,Gabriella Izzo,USA,14,116.87,58.44,59.43,-1.0,,,,fc2022,,1.6,7.5,,,0,Composition,2122,7.75,7.5,8.0,7.0,7.25,7.25,7.5,8.25,7.25,0,women,individual
8,Gabriella Izzo,USA,14,116.87,58.44,59.43,-1.0,,,,fc2022,,1.6,7.61,,,0,Interpretation of the Music,2122,8.0,7.5,8.25,7.25,7.25,7.5,7.5,8.25,7.25,0,women,individual
8,Gabriella Izzo,USA,14,116.87,58.44,59.43,-1.0,,,,fc2022,,1.6,7.43,,,0,Performance,2122,7.5,7.5,8.25,7.25,7.5,7.0,7.25,7.75,7.25,0,women,individual
8,Gabriella Izzo,USA,14,116.87,58.44,59.43,-1.0,,,,fc2022,,1.6,7.39,,,0,Skating Skills,2122,7.5,7.25,8.0,6.75,7.0,7.5,7.25,8.0,7.25,0,women,individual
8,Gabriella Izzo,USA,14,116.87,58.44,59.43,-1.0,,,,fc2022,,1.6,7.21,,,0,Transitions,2122,7.5,7.25,8.0,7.0,6.75,7.0,7.25,7.5,7.0,0,women,individual
9,Gabrielle Daleman,CAN,12,113.97,56.15,58.82,-1.0,5.5,3T+2T,1.0,fc2022,0.0,,5.32,-0.18,,1,,2122,-1.0,0.0,-1.0,-1.0,2.0,-1.0,1.0,0.0,-2.0,0,women,individual
9,Gabrielle Daleman,CAN,12,113.97,56.15,58.82,-1.0,5.3,3F,2.0,fc2022,0.0,,5.6,0.3,,1,,2122,0.0,0.0,1.0,1.0,0.0,0.0,1.0,2.0,1.0,0,women,individual
9,Gabrielle Daleman,CAN,12,113.97,56.15,58.82,-1.0,5.9,3Lz,3.0,fc2022,0.0,,2.95,-2.95,,1,,2122,-5.0,-4.0,-5.0,-5.0,-5.0,-5.0,-5.0,-5.0,-5.0,0,women,individual
9,Gabrielle Daleman,CAN,12,113.97,56.15,58.82,-1.0,4.2,3T,4.0,fc2022,0.0,,4.56,0.36,,1,,2122,0.0,0.0,1.0,1.0,2.0,2.0,0.0,1.0,1.0,0,women,individual
9,Gabrielle Daleman,CAN,12,113.97,56.15,58.82,-1.0,2.8,FCSp3,5.0,fc2022,0.0,,3.32,0.52,,1,,2122,2.0,3.0,2.0,2.0,1.0,2.0,1.0,2.0,2.0,0,women,individual
9,Gabrielle Daleman,CAN,12,113.97,56.15,58.82,-1.0,3.3,StSq3,6.0,fc2022,0.0,,4.2,0.9,,1,,2122,3.0,3.0,2.0,3.0,2.0,3.0,2.0,4.0,3.0,0,women,individual
9,Gabrielle Daleman,CAN,12,113.97,56.15,58.82,-1.0,5.39,3Loq,7.0,fc2022,1.0,,4.76,-0.63,q,1,,2122,-1.0,-2.0,0.0,-1.0,-2.0,-1.0,-2.0,-1.0,-1.0,0,women,individual
9,Gabrielle Daleman,CAN,12,113.97,56.15,58.82,-1.0,7.92,3Lzq+2T,8.0,fc2022,1.0,,6.49,-1.43,q,1,,2122,-1.0,-3.0,-2.0,-3.0,-2.0,-2.0,-2.0,-3.0,-3.0,0,women,individual
9,Gabrielle Daleman,CAN,12,113.97,56.15,58.82,-1.0,6.1,3S+2A<+SEQ,9.0,fc2022,1.0,,5.36,-0.74,<,1,,2122,-1.0,-2.0,-2.0,-1.0,-1.0,-3.0,-2.0,-2.0,-2.0,0,women,individual
9,Gabrielle Daleman,CAN,12,113.97,56.15,58.82,-1.0,3.5,FCCoSp4,10.0,fc2022,0.0,,4.2,0.7,,1,,2122,2.0,1.0,3.0,2.0,1.0,2.0,2.0,3.0,2.0,0,women,individual
9,Gabrielle Daleman,CAN,12,113.97,56.15,58.82,-1.0,3.0,ChSq1,11.0,fc2022,0.0,,4.79,1.79,,1,,2122,3.0,4.0,2.0,3.0,5.0,4.0,4.0,4.0,3.0,0,women,individual
9,Gabrielle Daleman,CAN,12,113.97,56.15,58.82,-1.0,3.5,CCoSp4,12.0,fc2022,0.0,,4.6,1.1,,1,,2122,3.0,3.0,3.0,3.0,4.0,3.0,3.0,4.0,3.0,0,women,individual
9,Gabrielle Daleman,CAN,12,113.97,56.15,58.82,-1.0,,,,fc2022,,1.6,7.46,,,0,Composition,2122,7.5,8.25,7.5,7.75,6.75,7.75,7.0,7.75,7.0,0,women,individual
9,Gabrielle Daleman,CAN,12,113.97,56.15,58.82,-1.0,,,,fc2022,,1.6,7.54,,,0,Interpretation of the Music,2122,7.5,8.0,7.75,7.75,7.25,7.5,7.0,8.0,6.75,0,women,individual
9,Gabrielle Daleman,CAN,12,113.97,56.15,58.82,-1.0,,,,fc2022,,1.6,7.29,,,0,Performance,2122,7.0,7.25,7.75,7.5,7.5,7.0,7.0,7.75,6.5,0,women,individual
9,Gabrielle Daleman,CAN,12,113.97,56.15,58.82,-1.0,,,,fc2022,,1.6,7.36,,,0,Skating Skills,2122,7.25,7.5,7.5,7.5,7.25,7.5,7.0,8.25,7.0,0,women,individual
9,Gabrielle Daleman,CAN,12,113.97,56.15,58.82,-1.0,,,,fc2022,,1.6,7.11,,,0,Transitions,2122,6.75,7.75,7.5,7.25,6.25,7.25,6.75,7.5,6.75,0,women,individual
10,Alison Schumacher,CAN,10,111.06,55.57,55.49,0.0,5.9,3Lz,1.0,fc2022,0.0,,6.91,1.01,,1,,2122,1.0,1.0,3.0,1.0,2.0,2.0,2.0,2.0,2.0,0,women,individual
10,Alison Schumacher,CAN,10,111.06,55.57,55.49,0.0,7.5,2A+3T,2.0,fc2022,0.0,,8.04,0.54,,1,,2122,0.0,1.0,2.0,1.0,1.0,1.0,2.0,2.0,1.0,0,women,individual
10,Alison Schumacher,CAN,10,111.06,55.57,55.49,0.0,6.6,3F+2T,3.0,fc2022,0.0,,7.05,0.45,,1,,2122,0.0,0.0,2.0,1.0,1.0,1.0,1.0,1.0,1.0,0,women,individual
10,Alison Schumacher,CAN,10,111.06,55.57,55.49,0.0,3.0,CCoSp3,4.0,fc2022,0.0,,3.56,0.56,,1,,2122,1.0,2.0,2.0,1.0,2.0,2.0,2.0,3.0,2.0,0,women,individual
10,Alison Schumacher,CAN,10,111.06,55.57,55.49,0.0,0.5,1Lo,5.0,fc2022,0.0,,0.29,-0.21,,1,,2122,-5.0,-5.0,-5.0,-4.0,-5.0,-3.0,-3.0,-3.0,-4.0,0,women,individual
10,Alison Schumacher,CAN,10,111.06,55.57,55.49,0.0,6.16,3S+2T,6.0,fc2022,1.0,,6.41,0.25,,1,,2122,0.0,0.0,2.0,0.0,0.0,1.0,1.0,0.0,2.0,0,women,individual
10,Alison Schumacher,CAN,10,111.06,55.57,55.49,0.0,4.73,3S,7.0,fc2022,1.0,,5.28,0.55,,1,,2122,0.0,0.0,2.0,1.0,1.0,2.0,1.0,2.0,2.0,0,women,individual
10,Alison Schumacher,CAN,10,111.06,55.57,55.49,0.0,3.0,ChSq1,8.0,fc2022,0.0,,3.71,0.71,,1,,2122,1.0,1.0,2.0,1.0,3.0,2.0,2.0,1.0,1.0,0,women,individual
10,Alison Schumacher,CAN,10,111.06,55.57,55.49,0.0,3.63,2A,9.0,fc2022,1.0,,3.87,0.24,,1,,2122,0.0,1.0,2.0,1.0,1.0,1.0,0.0,1.0,0.0,0,women,individual
10,Alison Schumacher,CAN,10,111.06,55.57,55.49,0.0,3.3,StSq3,10.0,fc2022,0.0,,3.77,0.47,,1,,2122,1.0,1.0,3.0,1.0,1.0,1.0,3.0,2.0,1.0,0,women,individual
10,Alison Schumacher,CAN,10,111.06,55.57,55.49,0.0,3.0,FSSp4,11.0,fc2022,0.0,,3.56,0.56,,1,,2122,1.0,2.0,2.0,1.0,2.0,1.0,3.0,3.0,2.0,0,women,individual
10,Alison Schumacher,CAN,10,111.06,55.57,55.49,0.0,2.7,LSp4,12.0,fc2022,0.0,,3.12,0.42,,1,,2122,1.0,2.0,2.0,2.0,1.0,2.0,1.0,2.0,1.0,0,women,individual
10,Alison Schumacher,CAN,10,111.06,55.57,55.49,0.0,,,,fc2022,,1.6,7.07,,,0,Composition,2122,6.5,6.75,7.5,6.5,7.0,7.5,7.0,7.5,7.25,0,women,individual
10,Alison Schumacher,CAN,10,111.06,55.57,55.49,0.0,,,,fc2022,,1.6,6.93,,,0,Interpretation of the Music,2122,6.5,6.5,7.5,6.25,7.0,6.75,7.0,7.5,7.25,0,women,individual
10,Alison Schumacher,CAN,10,111.06,55.57,55.49,0.0,,,,fc2022,,1.6,7.0,,,0,Performance,2122,6.25,6.5,7.75,6.5,7.25,7.0,7.0,7.75,7.0,0,women,individual
10,Alison Schumacher,CAN,10,111.06,55.57,55.49,0.0,,,,fc2022,,1.6,6.86,,,0,Skating Skills,2122,6.5,6.25,7.75,6.0,6.75,7.25,7.0,7.25,7.0,0,women,individual
10,Alison Schumacher,CAN,10,111.06,55.57,55.49,0.0,,,,fc2022,,1.6,6.82,,,0,Transitions,2122,6.0,6.75,7.5,6.25,6.75,7.5,6.75,7.0,6.75,0,women,individual
11,Kailani Craine,AUS,11,106.56,52.79,53.77,0.0,5.3,3F,1.0,fc2022,0.0,,6.21,0.91,,1,,2122,2.0,2.0,2.0,2.0,2.0,1.0,1.0,1.0,2.0,0,women,individual
11,Kailani Craine,AUS,11,106.56,52.79,53.77,0.0,7.2,3Lz!+2T,2.0,fc2022,0.0,,6.69,-0.51,!,1,,2122,-1.0,0.0,-1.0,0.0,-1.0,-1.0,-1.0,-1.0,-1.0,0,women,individual
11,Kailani Craine,AUS,11,106.56,52.79,53.77,0.0,3.3,2A,3.0,fc2022,0.0,,3.63,0.33,,1,,2122,1.0,1.0,2.0,1.0,1.0,1.0,1.0,1.0,1.0,0,women,individual
11,Kailani Craine,AUS,11,106.56,52.79,53.77,0.0,7.24,2A+1Eu+3S<,4.0,fc2022,0.0,,6.65,-0.59,<,1,,2122,-1.0,-1.0,-2.0,-1.0,-2.0,-3.0,-2.0,-2.0,-2.0,0,women,individual
11,Kailani Craine,AUS,11,106.56,52.79,53.77,0.0,3.5,CCoSp4,5.0,fc2022,0.0,,4.0,0.5,,1,,2122,1.0,1.0,2.0,0.0,2.0,1.0,2.0,2.0,1.0,0,women,individual
11,Kailani Craine,AUS,11,106.56,52.79,53.77,0.0,2.1,2Lz,6.0,fc2022,0.0,,1.29,-0.81,,1,,2122,-5.0,-4.0,-3.0,-4.0,-5.0,-4.0,-3.0,-4.0,-3.0,0,women,individual
11,Kailani Craine,AUS,11,106.56,52.79,53.77,0.0,5.39,3Lo,7.0,fc2022,1.0,,5.67,0.28,,1,,2122,0.0,1.0,1.0,0.0,0.0,0.0,1.0,1.0,1.0,0,women,individual
11,Kailani Craine,AUS,11,106.56,52.79,53.77,0.0,3.0,ChSq1,8.0,fc2022,0.0,,3.21,0.21,,1,,2122,0.0,-2.0,1.0,1.0,2.0,-1.0,2.0,1.0,-1.0,0,women,individual
11,Kailani Craine,AUS,11,106.56,52.79,53.77,0.0,6.82,3Lo+2T,9.0,fc2022,1.0,,6.12,-0.7,,1,,2122,-1.0,-1.0,-3.0,-1.0,-2.0,-1.0,0.0,-2.0,-2.0,0,women,individual
11,Kailani Craine,AUS,11,106.56,52.79,53.77,0.0,3.0,FSSp4,10.0,fc2022,0.0,,3.26,0.26,,1,,2122,0.0,1.0,2.0,1.0,1.0,0.0,2.0,1.0,0.0,0,women,individual
11,Kailani Craine,AUS,11,106.56,52.79,53.77,0.0,2.6,StSq2,11.0,fc2022,0.0,,2.82,0.22,,1,,2122,1.0,1.0,1.0,1.0,2.0,0.0,1.0,1.0,0.0,0,women,individual
11,Kailani Craine,AUS,11,106.56,52.79,53.77,0.0,2.7,LSp4,12.0,fc2022,0.0,,3.24,0.54,,1,,2122,2.0,2.0,3.0,2.0,2.0,2.0,2.0,2.0,2.0,0,women,individual
11,Kailani Craine,AUS,11,106.56,52.79,53.77,0.0,,,,fc2022,,1.6,6.75,,,0,Composition,2122,6.5,7.0,7.0,6.75,6.75,6.5,6.75,7.5,6.25,0,women,individual
11,Kailani Craine,AUS,11,106.56,52.79,53.77,0.0,,,,fc2022,,1.6,6.86,,,0,Interpretation of the Music,2122,6.75,7.25,7.25,6.75,7.0,6.25,6.75,7.5,6.25,0,women,individual
11,Kailani Craine,AUS,11,106.56,52.79,53.77,0.0,,,,fc2022,,1.6,6.82,,,0,Performance,2122,6.5,7.0,7.25,7.0,7.0,6.0,6.75,7.25,6.25,0,women,individual
11,Kailani Craine,AUS,11,106.56,52.79,53.77,0.0,,,,fc2022,,1.6,6.71,,,0,Skating Skills,2122,6.75,6.75,6.75,7.0,6.75,6.5,6.5,7.25,6.5,0,women,individual
11,Kailani Craine,AUS,11,106.56,52.79,53.77,0.0,,,,fc2022,,1.6,6.46,,,0,Transitions,2122,6.25,6.75,6.5,7.0,6.5,5.75,6.25,7.0,6.0,0,women,individual
12,Starr Andrews,USA,15,106.41,51.67,56.74,-2.0,3.3,2Aq,1.0,fc2022,0.0,,1.65,-1.65,q,1,,2122,-5.0,-5.0,-5.0,-5.0,-5.0,-5.0,-5.0,-5.0,-5.0,0,women,individual
12,Starr Andrews,USA,15,106.41,51.67,56.74,-2.0,4.2,3Tq,2.0,fc2022,0.0,,2.1,-2.1,q,1,,2122,-5.0,-5.0,-5.0,-5.0,-5.0,-5.0,-5.0,-5.0,-5.0,0,women,individual
12,Starr Andrews,USA,15,106.41,51.67,56.74,-2.0,5.3,3F,3.0,fc2022,0.0,,5.83,0.53,,1,,2122,0.0,2.0,2.0,1.0,0.0,0.0,1.0,2.0,1.0,0,women,individual
12,Starr Andrews,USA,15,106.41,51.67,56.74,-2.0,3.0,ChSq1,4.0,fc2022,0.0,,4.14,1.14,,1,,2122,2.0,2.0,2.0,2.0,3.0,2.0,3.0,3.0,2.0,0,women,individual
12,Starr Andrews,USA,15,106.41,51.67,56.74,-2.0,3.3,2A,5.0,fc2022,0.0,,3.63,0.33,,1,,2122,1.0,0.0,2.0,1.0,1.0,1.0,1.0,1.0,1.0,0,women,individual
12,Starr Andrews,USA,15,106.41,51.67,56.74,-2.0,3.5,FCCoSp4,6.0,fc2022,0.0,,4.15,0.65,,1,,2122,2.0,2.0,3.0,1.0,2.0,2.0,2.0,2.0,1.0,0,women,individual
12,Starr Andrews,USA,15,106.41,51.67,56.74,-2.0,7.37,3Lo+1Eu+2S,7.0,fc2022,1.0,,7.44,0.07,,1,,2122,0.0,-1.0,1.0,1.0,0.0,0.0,0.0,0.0,0.0,0,women,individual
12,Starr Andrews,USA,15,106.41,51.67,56.74,-2.0,5.74,3Lo<+2T,8.0,fc2022,1.0,,4.96,-0.78,<,1,,2122,-1.0,-2.0,-3.0,-1.0,-2.0,-2.0,-2.0,-3.0,-2.0,0,women,individual
12,Starr Andrews,USA,15,106.41,51.67,56.74,-2.0,6.16,3S+2T,9.0,fc2022,1.0,,6.34,0.18,,1,,2122,0.0,0.0,1.0,1.0,0.0,0.0,1.0,0.0,1.0,0,women,individual
12,Starr Andrews,USA,15,106.41,51.67,56.74,-2.0,3.9,StSq4,10.0,fc2022,0.0,,4.51,0.61,,1,,2122,1.0,1.0,2.0,2.0,3.0,1.0,2.0,2.0,1.0,0,women,individual
12,Starr Andrews,USA,15,106.41,51.67,56.74,-2.0,3.5,CCoSp4,11.0,fc2022,0.0,,3.8,0.3,,1,,2122,1.0,0.0,2.0,2.0,1.0,0.0,0.0,1.0,1.0,0,women,individual
12,Starr Andrews,USA,15,106.41,51.67,56.74,-2.0,2.7,LSp4,12.0,fc2022,0.0,,3.12,0.42,,1,,2122,1.0,2.0,2.0,2.0,2.0,1.0,1.0,1.0,2.0,0,women,individual
12,Starr Andrews,USA,15,106.41,51.67,56.74,-2.0,,,,fc2022,,1.6,7.29,,,0,Composition,2122,7.75,7.25,7.75,7.25,6.5,7.0,6.75,7.75,7.25,0,women,individual
12,Starr Andrews,USA,15,106.41,51.67,56.74,-2.0,,,,fc2022,,1.6,7.14,,,0,Interpretation of the Music,2122,7.5,7.0,8.0,7.0,7.0,6.75,6.75,7.75,7.0,0,women,individual
12,Starr Andrews,USA,15,106.41,51.67,56.74,-2.0,,,,fc2022,,1.6,6.89,,,0,Performance,2122,7.0,6.75,7.75,6.75,6.5,6.5,6.5,7.75,7.0,0,women,individual
12,Starr Andrews,USA,15,106.41,51.67,56.74,-2.0,,,,fc2022,,1.6,7.11,,,0,Skating Skills,2122,7.25,7.25,7.75,7.0,6.75,6.75,6.75,7.75,7.0,0,women,individual
12,Starr Andrews,USA,15,106.41,51.67,56.74,-2.0,,,,fc2022,,1.6,7.04,,,0,Transitions,2122,6.75,7.0,7.5,7.25,6.5,7.0,6.5,7.5,7.25,0,women,individual
13,Veronik Mallet,CAN,8,98.1,47.44,51.66,-1.0,5.3,3F,1.0,fc2022,0.0,,5.07,-0.23,,1,,2122,-2.0,-3.0,2.0,0.0,-2.0,-1.0,0.0,1.0,1.0,0,women,individual
13,Veronik Mallet,CAN,8,98.1,47.44,51.66,-1.0,1.7,2Lo,2.0,fc2022,0.0,,1.72,0.02,,1,,2122,0.0,-1.0,0.0,0.0,1.0,0.0,1.0,0.0,0.0,0,women,individual
13,Veronik Mallet,CAN,8,98.1,47.44,51.66,-1.0,3.92,3Lo<,3.0,fc2022,0.0,,1.96,-1.96,<,1,,2122,-5.0,-5.0,-5.0,-5.0,-5.0,-5.0,-5.0,-5.0,-5.0,0,women,individual
13,Veronik Mallet,CAN,8,98.1,47.44,51.66,-1.0,3.0,FSSp4,4.0,fc2022,0.0,,3.69,0.69,,1,,2122,2.0,2.0,2.0,2.0,3.0,1.0,3.0,3.0,2.0,0,women,individual
13,Veronik Mallet,CAN,8,98.1,47.44,51.66,-1.0,2.6,StSq2,5.0,fc2022,0.0,,3.16,0.56,,1,,2122,2.0,1.0,3.0,2.0,3.0,2.0,3.0,1.0,2.0,0,women,individual
13,Veronik Mallet,CAN,8,98.1,47.44,51.66,-1.0,7.2,3T+2T+2Lo,6.0,fc2022,0.0,,7.68,0.48,,1,,2122,0.0,1.0,2.0,1.0,2.0,1.0,1.0,1.0,1.0,0,women,individual
13,Veronik Mallet,CAN,8,98.1,47.44,51.66,-1.0,1.43,2S,7.0,fc2022,1.0,,1.47,0.04,,1,,2122,0.0,0.0,1.0,0.0,2.0,0.0,1.0,0.0,0.0,0,women,individual
13,Veronik Mallet,CAN,8,98.1,47.44,51.66,-1.0,4.62,3T,8.0,fc2022,1.0,,5.28,0.66,,1,,2122,1.0,1.0,2.0,2.0,2.0,1.0,1.0,2.0,2.0,0,women,individual
13,Veronik Mallet,CAN,8,98.1,47.44,51.66,-1.0,3.5,FCCoSp4,9.0,fc2022,0.0,,4.15,0.65,,1,,2122,2.0,2.0,2.0,1.0,2.0,2.0,2.0,2.0,1.0,0,women,individual
13,Veronik Mallet,CAN,8,98.1,47.44,51.66,-1.0,3.0,ChSq1,10.0,fc2022,0.0,,3.21,0.21,,1,,2122,0.0,1.0,-1.0,1.0,4.0,0.0,2.0,0.0,-2.0,0,women,individual
13,Veronik Mallet,CAN,8,98.1,47.44,51.66,-1.0,5.81,2A+2A+SEQ,11.0,fc2022,1.0,,5.9,0.09,,1,,2122,0.0,-2.0,0.0,0.0,1.0,0.0,0.0,2.0,1.0,0,women,individual
13,Veronik Mallet,CAN,8,98.1,47.44,51.66,-1.0,3.5,CCoSp4,12.0,fc2022,0.0,,4.15,0.65,,1,,2122,2.0,2.0,2.0,2.0,3.0,1.0,2.0,2.0,1.0,0,women,individual
13,Veronik Mallet,CAN,8,98.1,47.44,51.66,-1.0,,,,fc2022,,1.6,6.54,,,0,Composition,2122,6.25,6.75,6.0,6.25,7.25,6.25,7.0,6.75,6.5,0,women,individual
13,Veronik Mallet,CAN,8,98.1,47.44,51.66,-1.0,,,,fc2022,,1.6,6.5,,,0,Interpretation of the Music,2122,6.5,6.5,6.5,6.25,7.25,6.0,7.0,6.5,6.25,0,women,individual
13,Veronik Mallet,CAN,8,98.1,47.44,51.66,-1.0,,,,fc2022,,1.6,6.36,,,0,Performance,2122,6.5,6.25,6.25,6.0,7.25,5.75,6.75,6.5,6.25,0,women,individual
13,Veronik Mallet,CAN,8,98.1,47.44,51.66,-1.0,,,,fc2022,,1.6,6.57,,,0,Skating Skills,2122,6.5,6.5,6.25,6.5,6.75,6.5,6.75,7.0,6.5,0,women,individual
13,Veronik Mallet,CAN,8,98.1,47.44,51.66,-1.0,,,,fc2022,,1.6,6.32,,,0,Transitions,2122,6.0,6.75,6.0,6.25,7.0,6.0,6.5,6.5,6.25,0,women,individual
14,Jocelyn Hong,NZL,3,97.02,52.08,44.94,0.0,7.2,3Lz+2T,1.0,fc2022,0.0,,7.37,0.17,,1,,2122,0.0,1.0,0.0,0.0,1.0,0.0,0.0,1.0,0.0,0,women,individual
14,Jocelyn Hong,NZL,3,97.02,52.08,44.94,0.0,6.2,3Lo+2T,2.0,fc2022,0.0,,6.41,0.21,,1,,2122,0.0,1.0,1.0,0.0,0.0,0.0,1.0,1.0,0.0,0,women,individual
14,Jocelyn Hong,NZL,3,97.02,52.08,44.94,0.0,3.5,CCoSp4,3.0,fc2022,0.0,,4.05,0.55,,1,,2122,2.0,2.0,1.0,1.0,2.0,2.0,1.0,3.0,1.0,0,women,individual
14,Jocelyn Hong,NZL,3,97.02,52.08,44.94,0.0,4.3,3S,4.0,fc2022,0.0,,4.79,0.49,,1,,2122,1.0,1.0,1.0,2.0,2.0,1.0,1.0,1.0,1.0,0,women,individual
14,Jocelyn Hong,NZL,3,97.02,52.08,44.94,0.0,3.3,2A,5.0,fc2022,0.0,,3.68,0.38,,1,,2122,1.0,1.0,1.0,1.0,1.0,2.0,1.0,2.0,1.0,0,women,individual
14,Jocelyn Hong,NZL,3,97.02,52.08,44.94,0.0,2.6,StSq2,6.0,fc2022,0.0,,2.82,0.22,,1,,2122,1.0,0.0,1.0,1.0,1.0,1.0,1.0,1.0,0.0,0,women,individual
14,Jocelyn Hong,NZL,3,97.02,52.08,44.94,0.0,6.49,3Lz,7.0,fc2022,1.0,,4.3,-2.19,,1,,2122,-3.0,-4.0,-3.0,-4.0,-4.0,-4.0,-4.0,-3.0,-4.0,0,women,individual
14,Jocelyn Hong,NZL,3,97.02,52.08,44.94,0.0,5.39,3Lo,8.0,fc2022,1.0,,5.67,0.28,,1,,2122,0.0,1.0,0.0,1.0,1.0,1.0,1.0,0.0,0.0,0,women,individual
14,Jocelyn Hong,NZL,3,97.02,52.08,44.94,0.0,4.88,2A<+1Eu+2S,9.0,fc2022,1.0,,4.28,-0.6,<,1,,2122,-1.0,-3.0,-3.0,-2.0,-2.0,-2.0,-2.0,-2.0,-3.0,0,women,individual
14,Jocelyn Hong,NZL,3,97.02,52.08,44.94,0.0,3.5,FCCoSp4,10.0,fc2022,0.0,,3.65,0.15,,1,,2122,1.0,0.0,0.0,1.0,0.0,0.0,1.0,2.0,0.0,0,women,individual
14,Jocelyn Hong,NZL,3,97.02,52.08,44.94,0.0,3.0,ChSq1,11.0,fc2022,0.0,,3.5,0.5,,1,,2122,1.0,0.0,1.0,1.0,2.0,0.0,1.0,1.0,2.0,0,women,individual
14,Jocelyn Hong,NZL,3,97.02,52.08,44.94,0.0,1.5,LSp1,12.0,fc2022,0.0,,1.56,0.06,,1,,2122,0.0,1.0,0.0,0.0,1.0,0.0,1.0,1.0,0.0,0,women,individual
14,Jocelyn Hong,NZL,3,97.02,52.08,44.94,0.0,,,,fc2022,,1.6,5.68,,,0,Composition,2122,6.25,5.75,5.0,5.25,5.75,5.75,6.0,6.75,4.75,0,women,individual
14,Jocelyn Hong,NZL,3,97.02,52.08,44.94,0.0,,,,fc2022,,1.6,5.68,,,0,Interpretation of the Music,2122,6.25,5.75,5.25,5.25,5.75,5.5,6.0,6.5,4.75,0,women,individual
14,Jocelyn Hong,NZL,3,97.02,52.08,44.94,0.0,,,,fc2022,,1.6,5.68,,,0,Performance,2122,6.0,5.5,5.25,5.5,5.75,5.75,6.0,6.75,4.5,0,women,individual
14,Jocelyn Hong,NZL,3,97.02,52.08,44.94,0.0,,,,fc2022,,1.6,5.61,,,0,Skating Skills,2122,5.75,5.25,5.0,5.5,5.75,6.0,6.0,6.5,5.0,0,women,individual
14,Jocelyn Hong,NZL,3,97.02,52.08,44.94,0.0,,,,fc2022,,1.6,5.43,,,0,Transitions,2122,6.0,5.25,4.75,5.25,5.5,5.5,5.75,6.25,4.75,0,women,individual
15,Tzu-Han Ting,TPE,4,96.42,50.1,47.32,-1.0,6.02,3Lze+3T<<,1.0,fc2022,0.0,,3.79,-2.23,<<,1,,2122,-4.0,-5.0,-4.0,-5.0,-5.0,-5.0,-5.0,-4.0,-5.0,0,women,individual
15,Tzu-Han Ting,TPE,4,96.42,50.1,47.32,-1.0,7.5,2A+3Tq,2.0,fc2022,0.0,,6.96,-0.54,q,1,,2122,-1.0,-1.0,-1.0,-2.0,-1.0,-2.0,-2.0,-1.0,-1.0,0,women,individual
15,Tzu-Han Ting,TPE,4,96.42,50.1,47.32,-1.0,7.9,3F+2T+2T,3.0,fc2022,0.0,,6.46,-1.44,,1,,2122,-2.0,-3.0,-3.0,-3.0,-3.0,-3.0,-3.0,-1.0,-2.0,0,women,individual
15,Tzu-Han Ting,TPE,4,96.42,50.1,47.32,-1.0,3.3,StSq3,4.0,fc2022,0.0,,3.96,0.66,,1,,2122,2.0,2.0,2.0,1.0,2.0,2.0,2.0,2.0,2.0,0,women,individual
15,Tzu-Han Ting,TPE,4,96.42,50.1,47.32,-1.0,3.2,FCSp4,5.0,fc2022,0.0,,3.7,0.5,,1,,2122,2.0,1.0,2.0,1.0,1.0,2.0,2.0,2.0,0.0,0,women,individual
15,Tzu-Han Ting,TPE,4,96.42,50.1,47.32,-1.0,5.3,3F,6.0,fc2022,0.0,,5.91,0.61,,1,,2122,0.0,1.0,2.0,1.0,1.0,1.0,1.0,2.0,1.0,0,women,individual
15,Tzu-Han Ting,TPE,4,96.42,50.1,47.32,-1.0,4.31,3Lo<,7.0,fc2022,1.0,,3.02,-1.29,<,1,,2122,-4.0,-4.0,-3.0,-3.0,-3.0,-3.0,-4.0,-3.0,-3.0,0,women,individual
15,Tzu-Han Ting,TPE,4,96.42,50.1,47.32,-1.0,1.43,3S<<,8.0,fc2022,1.0,,0.78,-0.65,<<,1,,2122,-5.0,-5.0,-5.0,-5.0,-5.0,-5.0,-5.0,-5.0,-5.0,0,women,individual
15,Tzu-Han Ting,TPE,4,96.42,50.1,47.32,-1.0,3.0,ChSq1,9.0,fc2022,0.0,,3.71,0.71,,1,,2122,1.0,1.0,2.0,1.0,2.0,1.0,1.0,2.0,3.0,0,women,individual
15,Tzu-Han Ting,TPE,4,96.42,50.1,47.32,-1.0,3.63,2A,10.0,fc2022,1.0,,4.15,0.52,,1,,2122,0.0,2.0,1.0,1.0,2.0,2.0,1.0,2.0,2.0,0,women,individual
15,Tzu-Han Ting,TPE,4,96.42,50.1,47.32,-1.0,3.5,CCoSp4,11.0,fc2022,0.0,,4.3,0.8,,1,,2122,2.0,1.0,3.0,1.0,3.0,3.0,2.0,3.0,2.0,0,women,individual
15,Tzu-Han Ting,TPE,4,96.42,50.1,47.32,-1.0,2.7,LSp4,12.0,fc2022,0.0,,3.36,0.66,,1,,2122,2.0,2.0,2.0,3.0,3.0,3.0,2.0,3.0,2.0,0,women,individual
15,Tzu-Han Ting,TPE,4,96.42,50.1,47.32,-1.0,,,,fc2022,,1.6,6.0,,,0,Composition,2122,6.0,6.25,5.25,5.5,5.75,6.5,6.0,6.75,6.0,0,women,individual
15,Tzu-Han Ting,TPE,4,96.42,50.1,47.32,-1.0,,,,fc2022,,1.6,6.0,,,0,Interpretation of the Music,2122,6.25,6.0,5.75,5.75,5.75,6.25,6.0,7.0,6.0,0,women,individual
15,Tzu-Han Ting,TPE,4,96.42,50.1,47.32,-1.0,,,,fc2022,,1.6,5.86,,,0,Performance,2122,5.75,6.0,6.0,6.0,5.5,6.0,5.75,6.75,5.5,0,women,individual
15,Tzu-Han Ting,TPE,4,96.42,50.1,47.32,-1.0,,,,fc2022,,1.6,5.96,,,0,Skating Skills,2122,6.0,5.75,5.75,6.0,6.0,6.25,6.0,6.5,5.75,0,women,individual
15,Tzu-Han Ting,TPE,4,96.42,50.1,47.32,-1.0,,,,fc2022,,1.6,5.75,,,0,Transitions,2122,5.75,5.5,5.5,5.75,5.5,6.0,5.75,6.5,6.0,0,women,individual
16,Victoria Alcantara,AUS,5,88.53,44.56,44.97,-1.0,4.72,3Lz<,1.0,fc2022,0.0,,2.36,-2.36,<,1,,2122,-5.0,-5.0,-5.0,-5.0,-5.0,-5.0,-5.0,-5.0,-5.0,0,women,individual
16,Victoria Alcantara,AUS,5,88.53,44.56,44.97,-1.0,1.3,2T,2.0,fc2022,0.0,,1.19,-0.11,,1,,2122,-1.0,-2.0,0.0,-1.0,-1.0,-1.0,-1.0,0.0,-1.0,0,women,individual
16,Victoria Alcantara,AUS,5,88.53,44.56,44.97,-1.0,3.0,ChSq1,3.0,fc2022,0.0,,3.5,0.5,,1,,2122,0.0,1.0,0.0,2.0,2.0,1.0,1.0,1.0,1.0,0,women,individual
16,Victoria Alcantara,AUS,5,88.53,44.56,44.97,-1.0,5.1,2A+1Eu+2S,4.0,fc2022,0.0,,5.43,0.33,,1,,2122,0.0,1.0,1.0,1.0,2.0,1.0,1.0,1.0,1.0,0,women,individual
16,Victoria Alcantara,AUS,5,88.53,44.56,44.97,-1.0,3.5,FCCoSp4,5.0,fc2022,0.0,,4.1,0.6,,1,,2122,2.0,1.0,1.0,1.0,2.0,2.0,2.0,3.0,2.0,0,women,individual
16,Victoria Alcantara,AUS,5,88.53,44.56,44.97,-1.0,5.6,3S+2T,6.0,fc2022,0.0,,5.85,0.25,,1,,2122,0.0,1.0,1.0,2.0,1.0,0.0,1.0,0.0,0.0,0,women,individual
16,Victoria Alcantara,AUS,5,88.53,44.56,44.97,-1.0,4.73,3S,7.0,fc2022,1.0,,4.98,0.25,,1,,2122,0.0,0.0,1.0,1.0,1.0,0.0,1.0,1.0,0.0,0,women,individual
16,Victoria Alcantara,AUS,5,88.53,44.56,44.97,-1.0,4.62,3T+2T*,8.0,fc2022,1.0,,4.38,-0.24,*,1,,2122,-1.0,-2.0,0.0,0.0,-1.0,-1.0,0.0,0.0,-1.0,0,women,individual
16,Victoria Alcantara,AUS,5,88.53,44.56,44.97,-1.0,3.63,2A,9.0,fc2022,1.0,,3.63,0.0,,1,,2122,0.0,0.0,0.0,0.0,0.0,-1.0,0.0,1.0,0.0,0,women,individual
16,Victoria Alcantara,AUS,5,88.53,44.56,44.97,-1.0,2.7,LSp4,10.0,fc2022,0.0,,2.85,0.15,,1,,2122,0.0,0.0,1.0,1.0,1.0,-1.0,1.0,1.0,0.0,0,women,individual
16,Victoria Alcantara,AUS,5,88.53,44.56,44.97,-1.0,3.3,StSq3,11.0,fc2022,0.0,,3.68,0.38,,1,,2122,0.0,1.0,1.0,2.0,2.0,0.0,2.0,2.0,0.0,0,women,individual
16,Victoria Alcantara,AUS,5,88.53,44.56,44.97,-1.0,2.25,CCoSp3V,12.0,fc2022,0.0,,2.61,0.36,,1,,2122,1.0,1.0,2.0,2.0,2.0,0.0,2.0,2.0,1.0,0,women,individual
16,Victoria Alcantara,AUS,5,88.53,44.56,44.97,-1.0,,,,fc2022,,1.6,5.71,,,0,Composition,2122,5.75,5.75,5.75,5.5,6.0,5.5,5.75,6.5,5.5,0,women,individual
16,Victoria Alcantara,AUS,5,88.53,44.56,44.97,-1.0,,,,fc2022,,1.6,5.64,,,0,Interpretation of the Music,2122,6.0,5.0,5.25,5.5,6.25,5.25,5.75,6.5,5.5,0,women,individual
16,Victoria Alcantara,AUS,5,88.53,44.56,44.97,-1.0,,,,fc2022,,1.6,5.61,,,0,Performance,2122,6.0,5.0,5.5,5.75,6.25,5.0,5.5,6.25,5.25,0,women,individual
16,Victoria Alcantara,AUS,5,88.53,44.56,44.97,-1.0,,,,fc2022,,1.6,5.68,,,0,Skating Skills,2122,5.75,5.25,5.5,5.5,6.0,5.75,6.0,6.25,5.25,0,women,individual
16,Victoria Alcantara,AUS,5,88.53,44.56,44.97,-1.0,,,,fc2022,,1.6,5.46,,,0,Transitions,2122,5.5,5.5,5.0,5.25,5.75,5.25,5.5,6.0,5.5,0,women,individual
17,Sofia Lexi Jacqueline Frank,PHI,7,86.52,40.9,46.62,-1.0,9.26,3Lz+3T<,1.0,fc2022,0.0,,8.25,-1.01,<,1,,2122,-2.0,0.0,-3.0,-2.0,-1.0,-2.0,-2.0,-1.0,-2.0,0,women,individual
17,Sofia Lexi Jacqueline Frank,PHI,7,86.52,40.9,46.62,-1.0,4.24,3F!<,2.0,fc2022,0.0,,3.03,-1.21,<,1,,2122,-2.0,-2.0,-4.0,-3.0,-2.0,-4.0,-3.0,-3.0,-3.0,0,women,individual
17,Sofia Lexi Jacqueline Frank,PHI,7,86.52,40.9,46.62,-1.0,4.9,3Lo,3.0,fc2022,0.0,,4.97,0.07,,1,,2122,0.0,0.0,0.0,0.0,1.0,0.0,0.0,1.0,0.0,0,women,individual
17,Sofia Lexi Jacqueline Frank,PHI,7,86.52,40.9,46.62,-1.0,1.1,1A,4.0,fc2022,0.0,,1.1,0.0,,1,,2122,0.0,-2.0,0.0,0.0,0.0,0.0,0.0,0.0,0.0,0,women,individual
17,Sofia Lexi Jacqueline Frank,PHI,7,86.52,40.9,46.62,-1.0,3.0,FCCoSp3,5.0,fc2022,0.0,,3.0,0.0,,1,,2122,0.0,-1.0,0.0,0.0,0.0,0.0,1.0,0.0,0.0,0,women,individual
17,Sofia Lexi Jacqueline Frank,PHI,7,86.52,40.9,46.62,-1.0,6.05,3Tq+2T,6.0,fc2022,1.0,,5.21,-0.84,q,1,,2122,-1.0,-2.0,-2.0,-2.0,-2.0,-2.0,-2.0,-2.0,-2.0,0,women,individual
17,Sofia Lexi Jacqueline Frank,PHI,7,86.52,40.9,46.62,-1.0,0.66,1Lz,7.0,fc2022,1.0,,0.63,-0.03,,1,,2122,-1.0,-1.0,0.0,0.0,0.0,0.0,0.0,-1.0,-1.0,0,women,individual
17,Sofia Lexi Jacqueline Frank,PHI,7,86.52,40.9,46.62,-1.0,3.63,2A,8.0,fc2022,1.0,,1.98,-1.65,,1,,2122,-5.0,-5.0,-5.0,-5.0,-5.0,-5.0,-5.0,-5.0,-5.0,0,women,individual
17,Sofia Lexi Jacqueline Frank,PHI,7,86.52,40.9,46.62,-1.0,2.1,SSp3,9.0,fc2022,0.0,,2.31,0.21,,1,,2122,0.0,1.0,1.0,1.0,1.0,1.0,1.0,1.0,2.0,0,women,individual
17,Sofia Lexi Jacqueline Frank,PHI,7,86.52,40.9,46.62,-1.0,3.5,CCoSp4,10.0,fc2022,0.0,,3.7,0.2,,1,,2122,0.0,0.0,1.0,1.0,1.0,0.0,1.0,0.0,2.0,0,women,individual
17,Sofia Lexi Jacqueline Frank,PHI,7,86.52,40.9,46.62,-1.0,3.0,ChSq1,11.0,fc2022,0.0,,3.79,0.79,,1,,2122,0.0,1.0,2.0,2.0,4.0,1.0,2.0,1.0,2.0,0,women,individual
17,Sofia Lexi Jacqueline Frank,PHI,7,86.52,40.9,46.62,-1.0,2.6,StSq2,12.0,fc2022,0.0,,2.93,0.33,,1,,2122,0.0,0.0,2.0,1.0,3.0,1.0,2.0,1.0,2.0,0,women,individual
17,Sofia Lexi Jacqueline Frank,PHI,7,86.52,40.9,46.62,-1.0,,,,fc2022,,1.6,5.89,,,0,Composition,2122,5.75,5.75,6.0,5.75,6.0,5.5,5.75,6.25,6.25,0,women,individual
17,Sofia Lexi Jacqueline Frank,PHI,7,86.52,40.9,46.62,-1.0,,,,fc2022,,1.6,5.86,,,0,Interpretation of the Music,2122,5.75,5.5,5.5,6.0,6.5,5.75,5.75,6.25,6.0,0,women,individual
17,Sofia Lexi Jacqueline Frank,PHI,7,86.52,40.9,46.62,-1.0,,,,fc2022,,1.6,5.64,,,0,Performance,2122,5.5,5.75,5.25,5.75,6.0,5.0,5.5,6.5,5.75,0,women,individual
17,Sofia Lexi Jacqueline Frank,PHI,7,86.52,40.9,46.62,-1.0,,,,fc2022,,1.6,5.96,,,0,Skating Skills,2122,5.75,6.0,5.25,6.0,6.25,5.75,5.75,6.25,6.25,0,women,individual
17,Sofia Lexi Jacqueline Frank,PHI,7,86.52,40.9,46.62,-1.0,,,,fc2022,,1.6,5.79,,,0,Transitions,2122,5.75,6.0,5.5,6.25,5.75,5.25,5.5,6.0,6.0,0,women,individual
18,Andrea Montesinos Cantu,MEX,2,85.67,39.15,46.52,0.0,4.9,3Lo,1.0,fc2022,0.0,,5.25,0.35,,1,,2122,0.0,2.0,1.0,1.0,1.0,0.0,1.0,1.0,0.0,0,women,individual
18,Andrea Montesinos Cantu,MEX,2,85.67,39.15,46.52,0.0,4.3,3S,2.0,fc2022,0.0,,4.55,0.25,,1,,2122,0.0,0.0,1.0,0.0,2.0,0.0,0.0,2.0,1.0,0,women,individual
18,Andrea Montesinos Cantu,MEX,2,85.67,39.15,46.52,0.0,1.7,2Lo,3.0,fc2022,0.0,,1.7,0.0,,1,,2122,0.0,2.0,0.0,0.0,0.0,0.0,0.0,0.0,0.0,0,women,individual
18,Andrea Montesinos Cantu,MEX,2,85.67,39.15,46.52,0.0,3.5,FCCoSp4,4.0,fc2022,0.0,,4.05,0.55,,1,,2122,1.0,1.0,2.0,1.0,2.0,2.0,2.0,1.0,2.0,0,women,individual
18,Andrea Montesinos Cantu,MEX,2,85.67,39.15,46.52,0.0,2.1,2Lz,5.0,fc2022,0.0,,2.16,0.06,,1,,2122,0.0,0.0,0.0,1.0,0.0,2.0,0.0,1.0,0.0,0,women,individual
18,Andrea Montesinos Cantu,MEX,2,85.67,39.15,46.52,0.0,2.6,StSq2,6.0,fc2022,0.0,,2.97,0.37,,1,,2122,1.0,2.0,1.0,1.0,2.0,1.0,2.0,1.0,2.0,0,women,individual
18,Andrea Montesinos Cantu,MEX,2,85.67,39.15,46.52,0.0,2.7,LSp4,7.0,fc2022,0.0,,3.24,0.54,,1,,2122,2.0,2.0,2.0,2.0,2.0,2.0,1.0,2.0,2.0,0,women,individual
18,Andrea Montesinos Cantu,MEX,2,85.67,39.15,46.52,0.0,1.43,2S,8.0,fc2022,1.0,,1.32,-0.11,,1,,2122,-2.0,-1.0,-2.0,-1.0,0.0,0.0,0.0,0.0,-2.0,0,women,individual
18,Andrea Montesinos Cantu,MEX,2,85.67,39.15,46.52,0.0,2.64,1A+1Eu<<+2S,9.0,fc2022,1.0,,2.29,-0.35,<<,1,,2122,-2.0,-3.0,-4.0,-4.0,-2.0,-2.0,-2.0,-3.0,-3.0,0,women,individual
18,Andrea Montesinos Cantu,MEX,2,85.67,39.15,46.52,0.0,3.63,2A,10.0,fc2022,1.0,,3.96,0.33,,1,,2122,1.0,1.0,1.0,0.0,1.0,1.0,1.0,1.0,1.0,0,women,individual
18,Andrea Montesinos Cantu,MEX,2,85.67,39.15,46.52,0.0,3.0,ChSq1,11.0,fc2022,0.0,,3.71,0.71,,1,,2122,1.0,2.0,1.0,1.0,2.0,1.0,2.0,2.0,0.0,0,women,individual
18,Andrea Montesinos Cantu,MEX,2,85.67,39.15,46.52,0.0,3.5,CCoSp4,12.0,fc2022,0.0,,3.95,0.45,,1,,2122,1.0,2.0,2.0,1.0,1.0,1.0,1.0,2.0,1.0,0,women,individual
18,Andrea Montesinos Cantu,MEX,2,85.67,39.15,46.52,0.0,,,,fc2022,,1.6,5.79,,,0,Composition,2122,5.5,5.75,5.0,5.5,5.75,6.25,6.0,6.5,5.75,0,women,individual
18,Andrea Montesinos Cantu,MEX,2,85.67,39.15,46.52,0.0,,,,fc2022,,1.6,5.89,,,0,Interpretation of the Music,2122,6.0,6.0,5.5,5.75,6.0,6.0,6.0,6.5,5.5,0,women,individual
18,Andrea Montesinos Cantu,MEX,2,85.67,39.15,46.52,0.0,,,,fc2022,,1.6,5.79,,,0,Performance,2122,6.0,6.0,5.75,5.5,5.75,5.75,5.75,6.25,5.25,0,women,individual
18,Andrea Montesinos Cantu,MEX,2,85.67,39.15,46.52,0.0,,,,fc2022,,1.6,6.0,,,0,Skating Skills,2122,6.25,6.25,5.5,5.75,6.0,6.25,6.0,6.5,5.5,0,women,individual
18,Andrea Montesinos Cantu,MEX,2,85.67,39.15,46.52,0.0,,,,fc2022,,1.6,5.61,,,0,Transitions,2122,5.75,6.0,5.25,5.5,5.0,5.5,5.75,6.0,5.5,0,women,individual
19,Tara Prasad,IND,1,84.62,41.54,43.08,0.0,7.24,2A+1Eu+3S<,1.0,fc2022,0.0,,6.6,-0.64,<,1,,2122,-2.0,-1.0,-2.0,-2.0,-1.0,-2.0,-2.0,-2.0,-2.0,0,women,individual
19,Tara Prasad,IND,1,84.62,41.54,43.08,0.0,6.6,3Fq+2T,2.0,fc2022,0.0,,5.84,-0.76,q,1,,2122,-1.0,0.0,-1.0,-2.0,-1.0,-2.0,-2.0,-2.0,-1.0,0,women,individual
19,Tara Prasad,IND,1,84.62,41.54,43.08,0.0,4.72,3Lzeq,3.0,fc2022,0.0,,2.83,-1.89,e,1,,2122,-3.0,-4.0,-4.0,-5.0,-4.0,-4.0,-4.0,-4.0,-4.0,0,women,individual
19,Tara Prasad,IND,1,84.62,41.54,43.08,0.0,3.92,3Lo<,4.0,fc2022,0.0,,3.2,-0.72,<,1,,2122,-1.0,-1.0,-3.0,-2.0,-2.0,-2.0,-2.0,-2.0,-2.0,0,women,individual
19,Tara Prasad,IND,1,84.62,41.54,43.08,0.0,3.0,CCoSp3,5.0,fc2022,0.0,,3.13,0.13,,1,,2122,0.0,1.0,1.0,0.0,0.0,0.0,1.0,1.0,0.0,0,women,individual
19,Tara Prasad,IND,1,84.62,41.54,43.08,0.0,2.4,LSp3,6.0,fc2022,0.0,,2.33,-0.07,,1,,2122,0.0,0.0,0.0,-1.0,0.0,-1.0,0.0,0.0,-1.0,0,women,individual
19,Tara Prasad,IND,1,84.62,41.54,43.08,0.0,1.98,2F,7.0,fc2022,1.0,,1.34,-0.64,,1,,2122,-4.0,-4.0,-3.0,-3.0,-3.0,-4.0,-3.0,-4.0,-4.0,0,women,individual
19,Tara Prasad,IND,1,84.62,41.54,43.08,0.0,5.21,3S<+2T,8.0,fc2022,1.0,,4.52,-0.69,<,1,,2122,-2.0,-1.0,-3.0,-2.0,-2.0,-2.0,-2.0,-2.0,-2.0,0,women,individual
19,Tara Prasad,IND,1,84.62,41.54,43.08,0.0,3.63,2A,9.0,fc2022,1.0,,3.77,0.14,,1,,2122,0.0,0.0,0.0,1.0,1.0,1.0,0.0,1.0,0.0,0,women,individual
19,Tara Prasad,IND,1,84.62,41.54,43.08,0.0,2.6,FSSp3,10.0,fc2022,0.0,,2.79,0.19,,1,,2122,0.0,1.0,1.0,0.0,1.0,0.0,1.0,1.0,1.0,0,women,individual
19,Tara Prasad,IND,1,84.62,41.54,43.08,0.0,1.8,StSq1,11.0,fc2022,0.0,,1.9,0.1,,1,,2122,0.0,1.0,2.0,1.0,0.0,0.0,1.0,1.0,0.0,0,women,individual
19,Tara Prasad,IND,1,84.62,41.54,43.08,0.0,3.0,ChSq1,12.0,fc2022,0.0,,3.29,0.29,,1,,2122,0.0,0.0,2.0,1.0,1.0,0.0,1.0,1.0,-1.0,0,women,individual
19,Tara Prasad,IND,1,84.62,41.54,43.08,0.0,,,,fc2022,,1.6,5.39,,,0,Composition,2122,5.5,5.75,5.75,5.25,5.0,5.25,5.25,5.75,5.0,0,women,individual
19,Tara Prasad,IND,1,84.62,41.54,43.08,0.0,,,,fc2022,,1.6,5.5,,,0,Interpretation of the Music,2122,6.0,6.25,5.75,5.25,5.0,5.25,5.25,6.0,5.0,0,women,individual
19,Tara Prasad,IND,1,84.62,41.54,43.08,0.0,,,,fc2022,,1.6,5.54,,,0,Performance,2122,5.75,5.75,5.75,5.5,5.5,5.0,5.25,5.75,5.25,0,women,individual
19,Tara Prasad,IND,1,84.62,41.54,43.08,0.0,,,,fc2022,,1.6,5.36,,,0,Skating Skills,2122,5.75,5.75,5.0,5.25,5.25,5.25,5.0,5.75,5.25,0,women,individual
19,Tara Prasad,IND,1,84.62,41.54,43.08,0.0,,,,fc2022,,1.6,5.14,,,0,Transitions,2122,5.5,5.25,5.5,5.0,4.75,5.0,5.0,5.5,4.75,0,women,individual
20,Eugenia Garza,MEX,6,77.57,34.23,44.34,-1.0,3.36,3T<,1.0,fc2022,0.0,,1.68,-1.68,<,1,,2122,-5.0,-5.0,-5.0,-5.0,-5.0,-5.0,-5.0,-5.0,-5.0,0,women,individual
20,Eugenia Garza,MEX,6,77.57,34.23,44.34,-1.0,1.3,2T,2.0,fc2022,0.0,,1.32,0.02,,1,,2122,0.0,0.0,0.0,0.0,1.0,1.0,0.0,0.0,0.0,0,women,individual
20,Eugenia Garza,MEX,6,77.57,34.23,44.34,-1.0,3.1,2S+1Eu+2S,3.0,fc2022,0.0,,3.1,0.0,,1,,2122,0.0,-1.0,0.0,0.0,1.0,0.0,0.0,0.0,0.0,0,women,individual
20,Eugenia Garza,MEX,6,77.57,34.23,44.34,-1.0,3.4,2Lz+2T,4.0,fc2022,0.0,,3.49,0.09,,1,,2122,0.0,1.0,0.0,1.0,1.0,1.0,0.0,0.0,0.0,0,women,individual
20,Eugenia Garza,MEX,6,77.57,34.23,44.34,-1.0,3.0,CCoSp3,5.0,fc2022,0.0,,3.34,0.34,,1,,2122,1.0,1.0,1.0,1.0,2.0,2.0,1.0,1.0,0.0,0,women,individual
20,Eugenia Garza,MEX,6,77.57,34.23,44.34,-1.0,3.0,ChSq1,6.0,fc2022,0.0,,3.29,0.29,,1,,2122,0.0,0.0,0.0,1.0,3.0,0.0,1.0,1.0,1.0,0,women,individual
20,Eugenia Garza,MEX,6,77.57,34.23,44.34,-1.0,1.43,3S<<,7.0,fc2022,1.0,,0.82,-0.61,<<,1,,2122,-5.0,-5.0,-4.0,-5.0,-5.0,-5.0,-5.0,-4.0,-4.0,0,women,individual
20,Eugenia Garza,MEX,6,77.57,34.23,44.34,-1.0,3.5,FCCoSp4,8.0,fc2022,0.0,,3.85,0.35,,1,,2122,0.0,0.0,1.0,1.0,2.0,2.0,1.0,1.0,1.0,0,women,individual
20,Eugenia Garza,MEX,6,77.57,34.23,44.34,-1.0,2.6,StSq2,9.0,fc2022,0.0,,2.64,0.04,,1,,2122,0.0,0.0,2.0,1.0,1.0,-2.0,1.0,0.0,-2.0,0,women,individual
20,Eugenia Garza,MEX,6,77.57,34.23,44.34,-1.0,3.63,2A,10.0,fc2022,1.0,,3.91,0.28,,1,,2122,0.0,1.0,1.0,1.0,3.0,1.0,1.0,1.0,-1.0,0,women,individual
20,Eugenia Garza,MEX,6,77.57,34.23,44.34,-1.0,3.63,2A,11.0,fc2022,1.0,,3.82,0.19,,1,,2122,0.0,0.0,1.0,1.0,1.0,1.0,0.0,1.0,0.0,0,women,individual
20,Eugenia Garza,MEX,6,77.57,34.23,44.34,-1.0,2.7,LSp4,12.0,fc2022,0.0,,2.97,0.27,,1,,2122,1.0,1.0,2.0,1.0,1.0,2.0,1.0,0.0,0.0,0,women,individual
20,Eugenia Garza,MEX,6,77.57,34.23,44.34,-1.0,,,,fc2022,,1.6,5.61,,,0,Composition,2122,5.5,6.0,6.0,5.75,6.0,5.25,5.25,5.5,5.25,0,women,individual
20,Eugenia Garza,MEX,6,77.57,34.23,44.34,-1.0,,,,fc2022,,1.6,5.43,,,0,Interpretation of the Music,2122,5.5,5.75,5.75,5.5,6.0,4.75,5.0,5.5,5.0,0,women,individual
20,Eugenia Garza,MEX,6,77.57,34.23,44.34,-1.0,,,,fc2022,,1.6,5.39,,,0,Performance,2122,5.75,5.0,6.0,5.5,6.0,4.75,5.0,5.75,4.75,0,women,individual
20,Eugenia Garza,MEX,6,77.57,34.23,44.34,-1.0,,,,fc2022,,1.6,5.82,,,0,Skating Skills,2122,5.75,6.0,5.5,6.0,6.0,6.0,5.5,6.0,5.5,0,women,individual
20,Eugenia Garza,MEX,6,77.57,34.23,44.34,-1.0,,,,fc2022,,1.6,5.46,,,0,Transitions,2122,5.25,5.75,5.75,5.75,5.75,5.0,5.0,5.5,5.25,0,women,individual
1,Mai Mihara,JPN,16,72.62,39.27,33.35,0.0,3.3,2A,1.0,fc2022,0.0,,4.05,0.75,,1,,2122,3.0,2.0,2.0,2.0,2.0,2.0,3.0,4.0,2.0,1,women,individual
1,Mai Mihara,JPN,16,72.62,39.27,33.35,0.0,10.1,3Lz+3T,2.0,fc2022,0.0,,11.28,1.18,,1,,2122,2.0,2.0,3.0,2.0,2.0,1.0,1.0,3.0,2.0,1,women,individual
1,Mai Mihara,JPN,16,72.62,39.27,33.35,0.0,3.0,FSSp4,3.0,fc2022,0.0,,3.69,0.69,,1,,2122,2.0,2.0,3.0,1.0,1.0,3.0,2.0,3.0,3.0,1,women,individual
1,Mai Mihara,JPN,16,72.62,39.27,33.35,0.0,5.83,3F,4.0,fc2022,1.0,,7.12,1.29,,1,,2122,3.0,3.0,2.0,2.0,2.0,3.0,2.0,3.0,2.0,1,women,individual
1,Mai Mihara,JPN,16,72.62,39.27,33.35,0.0,3.5,CCoSp4,5.0,fc2022,0.0,,4.5,1.0,,1,,2122,3.0,3.0,3.0,2.0,2.0,3.0,3.0,4.0,3.0,1,women,individual
1,Mai Mihara,JPN,16,72.62,39.27,33.35,0.0,3.9,StSq4,6.0,fc2022,0.0,,5.24,1.34,,1,,2122,4.0,4.0,2.0,3.0,3.0,4.0,3.0,4.0,3.0,1,women,individual
1,Mai Mihara,JPN,16,72.62,39.27,33.35,0.0,2.7,LSp4,7.0,fc2022,0.0,,3.39,0.69,,1,,2122,3.0,2.0,2.0,3.0,2.0,3.0,4.0,3.0,2.0,1,women,individual
1,Mai Mihara,JPN,16,72.62,39.27,33.35,0.0,,,,fc2022,,0.8,8.36,,,0,Composition,2122,8.5,8.75,8.75,7.75,8.25,8.25,8.25,8.0,8.5,1,women,individual
1,Mai Mihara,JPN,16,72.62,39.27,33.35,0.0,,,,fc2022,,0.8,8.54,,,0,Interpretation of the Music,2122,8.5,9.0,9.0,8.0,8.5,8.25,8.25,8.5,8.75,1,women,individual
1,Mai Mihara,JPN,16,72.62,39.27,33.35,0.0,,,,fc2022,,0.8,8.5,,,0,Performance,2122,8.75,8.75,9.0,7.75,8.25,8.5,8.5,8.25,8.5,1,women,individual
1,Mai Mihara,JPN,16,72.62,39.27,33.35,0.0,,,,fc2022,,0.8,8.11,,,0,Skating Skills,2122,8.25,8.25,8.75,7.5,7.75,8.0,8.0,8.0,8.5,1,women,individual
1,Mai Mihara,JPN,16,72.62,39.27,33.35,0.0,,,,fc2022,,0.8,8.18,,,0,Transitions,2122,8.5,8.5,8.75,7.5,8.0,8.0,8.0,8.0,8.25,1,women,individual
2,Haein Lee,KOR,18,69.97,37.89,32.08,0.0,10.1,3Lz+3T,1.0,fc2022,0.0,,11.45,1.35,,1,,2122,3.0,2.0,2.0,2.0,2.0,0.0,3.0,3.0,2.0,1,women,individual
2,Haein Lee,KOR,18,69.97,37.89,32.08,0.0,5.3,3F,2.0,fc2022,0.0,,6.06,0.76,,1,,2122,2.0,1.0,3.0,1.0,1.0,2.0,1.0,2.0,1.0,1,women,individual
2,Haein Lee,KOR,18,69.97,37.89,32.08,0.0,3.2,FCSp4,3.0,fc2022,0.0,,4.07,0.87,,1,,2122,2.0,2.0,3.0,3.0,1.0,3.0,3.0,3.0,3.0,1,women,individual
2,Haein Lee,KOR,18,69.97,37.89,32.08,0.0,2.5,SSp4,4.0,fc2022,0.0,,3.14,0.64,,1,,2122,3.0,3.0,3.0,2.0,2.0,2.0,2.0,3.0,3.0,1,women,individual
2,Haein Lee,KOR,18,69.97,37.89,32.08,0.0,3.63,2A,5.0,fc2022,1.0,,4.38,0.75,,1,,2122,2.0,2.0,2.0,1.0,3.0,2.0,2.0,3.0,3.0,1,women,individual
2,Haein Lee,KOR,18,69.97,37.89,32.08,0.0,3.5,CCoSp4,6.0,fc2022,0.0,,4.55,1.05,,1,,2122,3.0,3.0,4.0,3.0,3.0,3.0,3.0,3.0,3.0,1,women,individual
2,Haein Lee,KOR,18,69.97,37.89,32.08,0.0,3.3,StSq3,7.0,fc2022,0.0,,4.24,0.94,,1,,2122,3.0,5.0,2.0,3.0,3.0,2.0,3.0,3.0,3.0,1,women,individual
2,Haein Lee,KOR,18,69.97,37.89,32.08,0.0,,,,fc2022,,0.8,8.0,,,0,Composition,2122,8.0,8.5,8.75,8.0,7.25,7.25,8.0,8.0,8.25,1,women,individual
2,Haein Lee,KOR,18,69.97,37.89,32.08,0.0,,,,fc2022,,0.8,8.14,,,0,Interpretation of the Music,2122,7.75,8.75,8.75,8.0,7.5,7.0,8.5,8.25,8.25,1,women,individual
2,Haein Lee,KOR,18,69.97,37.89,32.08,0.0,,,,fc2022,,0.8,8.14,,,0,Performance,2122,8.25,8.5,8.75,7.75,7.5,7.25,8.25,8.5,8.25,1,women,individual
2,Haein Lee,KOR,18,69.97,37.89,32.08,0.0,,,,fc2022,,0.8,8.0,,,0,Skating Skills,2122,8.0,8.5,8.5,7.5,7.25,7.25,8.25,8.25,8.25,1,women,individual
2,Haein Lee,KOR,18,69.97,37.89,32.08,0.0,,,,fc2022,,0.8,7.82,,,0,Transitions,2122,7.75,8.5,8.5,7.5,7.0,7.0,8.0,8.0,8.0,1,women,individual
3,Yelim Kim,KOR,19,68.93,36.34,32.59,0.0,10.1,3Lz!+3T,1.0,fc2022,0.0,,10.77,0.67,!,1,,2122,2.0,1.0,1.0,1.0,1.0,2.0,0.0,2.0,0.0,1,women,individual
3,Yelim Kim,KOR,19,68.93,36.34,32.59,0.0,3.3,2A,2.0,fc2022,0.0,,4.2,0.9,,1,,2122,3.0,2.0,2.0,3.0,3.0,2.0,3.0,3.0,3.0,1,women,individual
3,Yelim Kim,KOR,19,68.93,36.34,32.59,0.0,2.8,FCSp3,3.0,fc2022,0.0,,3.4,0.6,,1,,2122,2.0,2.0,2.0,2.0,2.0,3.0,2.0,3.0,2.0,1,women,individual
3,Yelim Kim,KOR,19,68.93,36.34,32.59,0.0,5.83,3F,4.0,fc2022,1.0,,6.97,1.14,,1,,2122,2.0,2.0,3.0,2.0,2.0,2.0,2.0,3.0,2.0,1,women,individual
3,Yelim Kim,KOR,19,68.93,36.34,32.59,0.0,2.6,StSq2,5.0,fc2022,0.0,,3.31,0.71,,1,,2122,3.0,3.0,3.0,2.0,2.0,3.0,3.0,2.0,3.0,1,women,individual
3,Yelim Kim,KOR,19,68.93,36.34,32.59,0.0,3.5,CCoSp4,6.0,fc2022,0.0,,4.4,0.9,,1,,2122,3.0,3.0,2.0,2.0,2.0,3.0,3.0,3.0,2.0,1,women,individual
3,Yelim Kim,KOR,19,68.93,36.34,32.59,0.0,2.5,SSp4,7.0,fc2022,0.0,,3.29,0.79,,1,,2122,4.0,3.0,3.0,3.0,3.0,3.0,3.0,3.0,4.0,1,women,individual
3,Yelim Kim,KOR,19,68.93,36.34,32.59,0.0,,,,fc2022,,0.8,8.21,,,0,Composition,2122,8.5,8.5,8.5,8.0,7.75,8.0,8.0,8.0,8.5,1,women,individual
3,Yelim Kim,KOR,19,68.93,36.34,32.59,0.0,,,,fc2022,,0.8,8.21,,,0,Interpretation of the Music,2122,8.25,8.5,8.75,7.75,7.75,8.0,8.0,8.5,8.5,1,women,individual
3,Yelim Kim,KOR,19,68.93,36.34,32.59,0.0,,,,fc2022,,0.8,8.25,,,0,Performance,2122,8.5,8.0,8.5,7.75,7.75,8.25,8.25,8.5,8.5,1,women,individual
3,Yelim Kim,KOR,19,68.93,36.34,32.59,0.0,,,,fc2022,,0.8,8.14,,,0,Skating Skills,2122,8.75,8.5,8.5,7.75,7.75,7.75,8.0,8.25,8.25,1,women,individual
3,Yelim Kim,KOR,19,68.93,36.34,32.59,0.0,,,,fc2022,,0.8,7.93,,,0,Transitions,2122,8.25,8.25,8.25,7.25,7.5,7.25,8.0,8.0,8.25,1,women,individual
4,Young You,KOR,20,67.86,35.2,32.66,0.0,1.1,2A<<,1.0,fc2022,0.0,,0.55,-0.55,<<,1,,2122,-5.0,-5.0,-5.0,-5.0,-5.0,-5.0,-5.0,-5.0,-5.0,1,women,individual
4,Young You,KOR,20,67.86,35.2,32.66,0.0,10.1,3Lz+3T,2.0,fc2022,0.0,,11.28,1.18,,1,,2122,2.0,2.0,3.0,2.0,3.0,2.0,1.0,2.0,1.0,1,women,individual
4,Young You,KOR,20,67.86,35.2,32.66,0.0,3.2,FCSp4,3.0,fc2022,0.0,,3.84,0.64,,1,,2122,3.0,2.0,2.0,3.0,2.0,2.0,0.0,2.0,1.0,1,women,individual
4,Young You,KOR,20,67.86,35.2,32.66,0.0,2.7,LSp4,4.0,fc2022,0.0,,3.32,0.62,,1,,2122,3.0,2.0,3.0,2.0,2.0,2.0,2.0,3.0,2.0,1,women,individual
4,Young You,KOR,20,67.86,35.2,32.66,0.0,5.83,3F,5.0,fc2022,1.0,,7.42,1.59,,1,,2122,4.0,3.0,3.0,3.0,3.0,3.0,2.0,3.0,3.0,1,women,individual
4,Young You,KOR,20,67.86,35.2,32.66,0.0,3.3,StSq3,6.0,fc2022,0.0,,4.29,0.99,,1,,2122,4.0,4.0,2.0,3.0,3.0,4.0,2.0,2.0,3.0,1,women,individual
4,Young You,KOR,20,67.86,35.2,32.66,0.0,3.5,CCoSp4,7.0,fc2022,0.0,,4.5,1.0,,1,,2122,3.0,2.0,2.0,3.0,3.0,3.0,3.0,3.0,3.0,1,women,individual
4,Young You,KOR,20,67.86,35.2,32.66,0.0,,,,fc2022,,0.8,8.32,,,0,Composition,2122,8.5,8.5,8.75,8.0,8.0,8.25,8.25,8.25,8.5,1,women,individual
4,Young You,KOR,20,67.86,35.2,32.66,0.0,,,,fc2022,,0.8,8.21,,,0,Interpretation of the Music,2122,8.25,8.5,8.5,7.75,8.25,8.0,8.0,8.0,8.5,1,women,individual
4,Young You,KOR,20,67.86,35.2,32.66,0.0,,,,fc2022,,0.8,8.0,,,0,Performance,2122,8.0,8.25,8.5,7.75,7.75,8.0,7.75,8.0,8.25,1,women,individual
4,Young You,KOR,20,67.86,35.2,32.66,0.0,,,,fc2022,,0.8,8.21,,,0,Skating Skills,2122,8.75,8.25,8.5,8.0,8.0,7.75,8.0,8.25,8.5,1,women,individual
4,Young You,KOR,20,67.86,35.2,32.66,0.0,,,,fc2022,,0.8,8.07,,,0,Transitions,2122,8.25,8.25,8.25,8.0,7.75,7.5,7.75,8.25,8.25,1,women,individual
5,Audrey Shin,USA,11,67.2,36.4,30.8,0.0,8.4,3T+3T,1.0,fc2022,0.0,,9.48,1.08,,1,,2122,3.0,3.0,3.0,2.0,2.0,2.0,3.0,4.0,1.0,1,women,individual
5,Audrey Shin,USA,11,67.2,36.4,30.8,0.0,3.3,2A,2.0,fc2022,0.0,,3.91,0.61,,1,,2122,3.0,2.0,1.0,2.0,2.0,1.0,2.0,3.0,1.0,1,women,individual
5,Audrey Shin,USA,11,67.2,36.4,30.8,0.0,3.9,StSq4,3.0,fc2022,0.0,,5.01,1.11,,1,,2122,2.0,3.0,1.0,3.0,3.0,3.0,3.0,3.0,3.0,1,women,individual
5,Audrey Shin,USA,11,67.2,36.4,30.8,0.0,3.2,FCSp4,4.0,fc2022,0.0,,4.11,0.91,,1,,2122,3.0,3.0,3.0,2.0,3.0,3.0,4.0,2.0,3.0,1,women,individual
5,Audrey Shin,USA,11,67.2,36.4,30.8,0.0,5.39,3Lo,5.0,fc2022,1.0,,6.37,0.98,,1,,2122,2.0,3.0,1.0,2.0,2.0,2.0,2.0,3.0,1.0,1,women,individual
5,Audrey Shin,USA,11,67.2,36.4,30.8,0.0,3.5,CCoSp4,6.0,fc2022,0.0,,4.2,0.7,,1,,2122,2.0,2.0,1.0,2.0,2.0,2.0,3.0,2.0,2.0,1,women,individual
5,Audrey Shin,USA,11,67.2,36.4,30.8,0.0,2.7,LSp4,7.0,fc2022,0.0,,3.32,0.62,,1,,2122,3.0,2.0,1.0,2.0,2.0,2.0,3.0,3.0,2.0,1,women,individual
5,Audrey Shin,USA,11,67.2,36.4,30.8,0.0,,,,fc2022,,0.8,7.64,,,0,Composition,2122,7.5,7.75,7.75,7.5,7.5,7.5,8.0,7.75,7.75,1,women,individual
5,Audrey Shin,USA,11,67.2,36.4,30.8,0.0,,,,fc2022,,0.8,7.86,,,0,Interpretation of the Music,2122,7.5,8.0,8.0,7.75,7.75,7.5,8.5,8.0,8.0,1,women,individual
5,Audrey Shin,USA,11,67.2,36.4,30.8,0.0,,,,fc2022,,0.8,7.89,,,0,Performance,2122,7.75,8.0,8.0,7.75,7.75,7.5,8.5,8.0,8.0,1,women,individual
5,Audrey Shin,USA,11,67.2,36.4,30.8,0.0,,,,fc2022,,0.8,7.61,,,0,Skating Skills,2122,7.5,7.5,8.0,7.5,7.5,7.25,8.0,7.5,7.75,1,women,individual
5,Audrey Shin,USA,11,67.2,36.4,30.8,0.0,,,,fc2022,,0.8,7.5,,,0,Transitions,2122,7.25,7.5,7.5,7.75,7.5,7.25,8.25,7.5,7.5,1,women,individual
6,Starr Andrews,USA,17,66.6,35.54,31.06,0.0,8.4,3T+3T,1.0,fc2022,0.0,,9.36,0.96,,1,,2122,2.0,3.0,3.0,2.0,2.0,2.0,2.0,3.0,2.0,1,women,individual
6,Starr Andrews,USA,17,66.6,35.54,31.06,0.0,3.3,2A,2.0,fc2022,0.0,,3.91,0.61,,1,,2122,2.0,2.0,2.0,2.0,2.0,1.0,2.0,4.0,1.0,1,women,individual
6,Starr Andrews,USA,17,66.6,35.54,31.06,0.0,3.2,FCSp4,3.0,fc2022,0.0,,4.07,0.87,,1,,2122,3.0,3.0,2.0,1.0,3.0,3.0,3.0,3.0,2.0,1,women,individual
6,Starr Andrews,USA,17,66.6,35.54,31.06,0.0,5.39,3Lo,4.0,fc2022,1.0,,6.44,1.05,,1,,2122,2.0,3.0,2.0,2.0,2.0,2.0,2.0,3.0,1.0,1,women,individual
6,Starr Andrews,USA,17,66.6,35.54,31.06,0.0,3.3,StSq3,5.0,fc2022,0.0,,4.1,0.8,,1,,2122,3.0,2.0,1.0,3.0,2.0,3.0,2.0,4.0,2.0,1,women,individual
6,Starr Andrews,USA,17,66.6,35.54,31.06,0.0,3.5,CCoSp4,6.0,fc2022,0.0,,4.15,0.65,,1,,2122,1.0,1.0,2.0,2.0,2.0,3.0,2.0,2.0,2.0,1,women,individual
6,Starr Andrews,USA,17,66.6,35.54,31.06,0.0,2.7,LSp4,7.0,fc2022,0.0,,3.51,0.81,,1,,2122,3.0,3.0,3.0,3.0,3.0,3.0,3.0,3.0,2.0,1,women,individual
6,Starr Andrews,USA,17,66.6,35.54,31.06,0.0,,,,fc2022,,0.8,7.86,,,0,Composition,2122,7.75,8.0,8.5,7.75,7.75,7.5,7.75,8.5,7.25,1,women,individual
6,Starr Andrews,USA,17,66.6,35.54,31.06,0.0,,,,fc2022,,0.8,7.93,,,0,Interpretation of the Music,2122,7.75,8.25,8.75,7.75,7.75,7.5,8.0,8.5,7.25,1,women,individual
6,Starr Andrews,USA,17,66.6,35.54,31.06,0.0,,,,fc2022,,0.8,7.82,,,0,Performance,2122,7.5,8.0,8.5,7.75,7.75,7.5,7.75,8.5,7.5,1,women,individual
6,Starr Andrews,USA,17,66.6,35.54,31.06,0.0,,,,fc2022,,0.8,7.57,,,0,Skating Skills,2122,7.5,7.5,8.25,7.5,7.5,7.25,7.5,8.25,7.25,1,women,individual
6,Starr Andrews,USA,17,66.6,35.54,31.06,0.0,,,,fc2022,,0.8,7.64,,,0,Transitions,2122,7.5,7.5,8.0,7.5,7.5,7.5,8.0,8.5,7.0,1,women,individual
7,Gabriella Izzo,USA,13,63.19,33.08,30.11,0.0,3.3,2A,1.0,fc2022,0.0,,4.1,0.8,,1,,2122,3.0,3.0,2.0,2.0,3.0,2.0,3.0,2.0,1.0,1,women,individual
7,Gabriella Izzo,USA,13,63.19,33.08,30.11,0.0,6.6,3F+2T,2.0,fc2022,0.0,,7.58,0.98,,1,,2122,3.0,2.0,2.0,2.0,2.0,2.0,1.0,2.0,1.0,1,women,individual
7,Gabriella Izzo,USA,13,63.19,33.08,30.11,0.0,3.5,CCoSp4,3.0,fc2022,0.0,,4.25,0.75,,1,,2122,3.0,2.0,3.0,2.0,2.0,2.0,2.0,2.0,2.0,1,women,individual
7,Gabriella Izzo,USA,13,63.19,33.08,30.11,0.0,6.49,3Lz,4.0,fc2022,1.0,,5.48,-1.01,,1,,2122,-1.0,-3.0,-1.0,-3.0,-2.0,-1.0,-1.0,-2.0,-2.0,1,women,individual
7,Gabriella Izzo,USA,13,63.19,33.08,30.11,0.0,3.2,FCSp4,5.0,fc2022,0.0,,4.07,0.87,,1,,2122,4.0,4.0,2.0,0.0,2.0,4.0,2.0,2.0,3.0,1,women,individual
7,Gabriella Izzo,USA,13,63.19,33.08,30.11,0.0,3.3,StSq3,6.0,fc2022,0.0,,4.05,0.75,,1,,2122,3.0,3.0,1.0,2.0,2.0,3.0,3.0,2.0,1.0,1,women,individual
7,Gabriella Izzo,USA,13,63.19,33.08,30.11,0.0,2.7,LSp4,7.0,fc2022,0.0,,3.55,0.85,,1,,2122,4.0,4.0,1.0,2.0,3.0,3.0,4.0,3.0,3.0,1,women,individual
7,Gabriella Izzo,USA,13,63.19,33.08,30.11,0.0,,,,fc2022,,0.8,7.64,,,0,Composition,2122,8.0,7.75,8.0,7.0,7.5,7.5,8.25,7.5,7.25,1,women,individual
7,Gabriella Izzo,USA,13,63.19,33.08,30.11,0.0,,,,fc2022,,0.8,7.68,,,0,Interpretation of the Music,2122,8.0,8.0,7.75,7.5,7.5,7.5,7.75,7.75,7.25,1,women,individual
7,Gabriella Izzo,USA,13,63.19,33.08,30.11,0.0,,,,fc2022,,0.8,7.61,,,0,Performance,2122,8.25,8.0,8.0,7.25,7.25,7.5,7.75,7.5,7.25,1,women,individual
7,Gabriella Izzo,USA,13,63.19,33.08,30.11,0.0,,,,fc2022,,0.8,7.5,,,0,Skating Skills,2122,8.0,7.75,7.75,6.75,7.5,7.25,7.75,7.5,7.0,1,women,individual
7,Gabriella Izzo,USA,13,63.19,33.08,30.11,0.0,,,,fc2022,,0.8,7.21,,,0,Transitions,2122,7.5,7.25,7.5,6.75,7.0,7.25,8.0,7.0,7.0,1,women,individual
8,Rino Matsuike,JPN,12,60.16,30.82,30.34,-1.0,4.24,3F<,1.0,fc2022,0.0,,2.12,-2.12,<,1,,2122,-5.0,-5.0,-5.0,-5.0,-5.0,-5.0,-5.0,-5.0,-5.0,1,women,individual
8,Rino Matsuike,JPN,12,60.16,30.82,30.34,-1.0,3.3,2A,2.0,fc2022,0.0,,4.05,0.75,,1,,2122,3.0,2.0,2.0,3.0,2.0,2.0,3.0,2.0,2.0,1,women,individual
8,Rino Matsuike,JPN,12,60.16,30.82,30.34,-1.0,2.8,FCSp3,3.0,fc2022,0.0,,3.72,0.92,,1,,2122,4.0,4.0,1.0,3.0,3.0,3.0,4.0,3.0,3.0,1,women,individual
8,Rino Matsuike,JPN,12,60.16,30.82,30.34,-1.0,11.11,3Lz+3T,4.0,fc2022,1.0,,9.76,-1.35,,1,,2122,-2.0,-3.0,-2.0,-2.0,-3.0,-2.0,-1.0,-2.0,-3.0,1,women,individual
8,Rino Matsuike,JPN,12,60.16,30.82,30.34,-1.0,2.7,LSp4,5.0,fc2022,0.0,,3.36,0.66,,1,,2122,3.0,3.0,2.0,2.0,2.0,3.0,3.0,2.0,2.0,1,women,individual
8,Rino Matsuike,JPN,12,60.16,30.82,30.34,-1.0,2.6,StSq2,6.0,fc2022,0.0,,3.31,0.71,,1,,2122,3.0,3.0,1.0,3.0,3.0,3.0,4.0,2.0,2.0,1,women,individual
8,Rino Matsuike,JPN,12,60.16,30.82,30.34,-1.0,3.5,CCoSp4,7.0,fc2022,0.0,,4.5,1.0,,1,,2122,4.0,3.0,1.0,3.0,3.0,3.0,3.0,2.0,3.0,1,women,individual
8,Rino Matsuike,JPN,12,60.16,30.82,30.34,-1.0,,,,fc2022,,0.8,7.68,,,0,Composition,2122,7.5,7.75,7.75,7.75,7.5,7.75,8.0,7.25,7.75,1,women,individual
8,Rino Matsuike,JPN,12,60.16,30.82,30.34,-1.0,,,,fc2022,,0.8,7.61,,,0,Interpretation of the Music,2122,7.75,7.75,7.5,7.5,7.5,7.25,8.25,7.5,7.75,1,women,individual
8,Rino Matsuike,JPN,12,60.16,30.82,30.34,-1.0,,,,fc2022,,0.8,7.5,,,0,Performance,2122,7.75,7.25,7.5,7.0,7.25,7.5,8.0,7.75,7.5,1,women,individual
8,Rino Matsuike,JPN,12,60.16,30.82,30.34,-1.0,,,,fc2022,,0.8,7.64,,,0,Skating Skills,2122,7.75,7.5,7.75,8.0,7.5,7.5,7.75,7.5,7.75,1,women,individual
8,Rino Matsuike,JPN,12,60.16,30.82,30.34,-1.0,,,,fc2022,,0.8,7.5,,,0,Transitions,2122,7.5,7.25,7.5,8.0,7.0,7.5,7.75,7.5,7.5,1,women,individual
9,Gabrielle Daleman,CAN,8,59.01,30.92,29.09,-1.0,8.4,3T+3T,1.0,fc2022,0.0,,6.66,-1.74,,1,,2122,-4.0,-4.0,-5.0,-4.0,-4.0,-4.0,-4.0,-4.0,-5.0,1,women,individual
9,Gabrielle Daleman,CAN,8,59.01,30.92,29.09,-1.0,3.3,2A,2.0,fc2022,0.0,,3.82,0.52,,1,,2122,1.0,1.0,2.0,2.0,2.0,1.0,3.0,2.0,0.0,1,women,individual
9,Gabrielle Daleman,CAN,8,59.01,30.92,29.09,-1.0,2.7,LSp4,3.0,fc2022,0.0,,3.2,0.5,,1,,2122,2.0,1.0,3.0,2.0,1.0,2.0,2.0,3.0,1.0,1,women,individual
9,Gabrielle Daleman,CAN,8,59.01,30.92,29.09,-1.0,3.2,FCSp4,4.0,fc2022,0.0,,3.98,0.78,,1,,2122,3.0,3.0,3.0,2.0,3.0,2.0,2.0,2.0,2.0,1,women,individual
9,Gabrielle Daleman,CAN,8,59.01,30.92,29.09,-1.0,6.49,3Lz,5.0,fc2022,1.0,,3.96,-2.53,,1,,2122,-4.0,-5.0,-3.0,-4.0,-5.0,-5.0,-3.0,-5.0,-4.0,1,women,individual
9,Gabrielle Daleman,CAN,8,59.01,30.92,29.09,-1.0,3.9,StSq4,6.0,fc2022,0.0,,4.85,0.95,,1,,2122,4.0,3.0,2.0,2.0,3.0,3.0,3.0,0.0,1.0,1,women,individual
9,Gabrielle Daleman,CAN,8,59.01,30.92,29.09,-1.0,3.5,CCoSp4,7.0,fc2022,0.0,,4.45,0.95,,1,,2122,4.0,2.0,2.0,3.0,3.0,3.0,3.0,3.0,2.0,1,women,individual
9,Gabrielle Daleman,CAN,8,59.01,30.92,29.09,-1.0,,,,fc2022,,0.8,7.39,,,0,Composition,2122,7.5,7.25,8.25,7.25,7.75,7.0,7.75,7.25,7.0,1,women,individual
9,Gabrielle Daleman,CAN,8,59.01,30.92,29.09,-1.0,,,,fc2022,,0.8,7.36,,,0,Interpretation of the Music,2122,7.5,7.0,8.25,6.75,7.75,7.25,8.0,7.0,7.0,1,women,individual
9,Gabrielle Daleman,CAN,8,59.01,30.92,29.09,-1.0,,,,fc2022,,0.8,7.04,,,0,Performance,2122,7.0,6.75,8.0,6.75,7.5,7.25,7.25,6.5,6.75,1,women,individual
9,Gabrielle Daleman,CAN,8,59.01,30.92,29.09,-1.0,,,,fc2022,,0.8,7.5,,,0,Skating Skills,2122,7.5,7.25,8.5,7.5,8.0,7.5,7.75,6.75,7.0,1,women,individual
9,Gabrielle Daleman,CAN,8,59.01,30.92,29.09,-1.0,,,,fc2022,,0.8,7.07,,,0,Transitions,2122,7.0,6.75,8.0,7.0,7.25,7.25,7.5,6.75,6.75,1,women,individual
10,Kailani Craine,AUS,14,57.46,29.55,27.91,0.0,5.9,3Lz!q,1.0,fc2022,0.0,,4.21,-1.69,!,1,,2122,-3.0,-4.0,-1.0,-3.0,-3.0,-3.0,-2.0,-3.0,-3.0,1,women,individual
10,Kailani Craine,AUS,14,57.46,29.55,27.91,0.0,8.82,3Lo+3Lo<,2.0,fc2022,0.0,,7.77,-1.05,<,1,,2122,-3.0,-2.0,-2.0,-3.0,-2.0,-2.0,-2.0,-2.0,-2.0,1,women,individual
10,Kailani Craine,AUS,14,57.46,29.55,27.91,0.0,3.0,FSSp4,3.0,fc2022,0.0,,3.47,0.47,,1,,2122,1.0,2.0,1.0,1.0,2.0,2.0,1.0,2.0,2.0,1,women,individual
10,Kailani Craine,AUS,14,57.46,29.55,27.91,0.0,3.63,2A,4.0,fc2022,1.0,,4.15,0.52,,1,,2122,2.0,2.0,1.0,1.0,2.0,1.0,2.0,2.0,1.0,1,women,individual
10,Kailani Craine,AUS,14,57.46,29.55,27.91,0.0,3.5,CCoSp4,5.0,fc2022,0.0,,3.85,0.35,,1,,2122,1.0,1.0,1.0,1.0,0.0,1.0,1.0,2.0,1.0,1,women,individual
10,Kailani Craine,AUS,14,57.46,29.55,27.91,0.0,2.6,StSq2,6.0,fc2022,0.0,,2.86,0.26,,1,,2122,2.0,1.0,0.0,0.0,1.0,1.0,1.0,3.0,1.0,1,women,individual
10,Kailani Craine,AUS,14,57.46,29.55,27.91,0.0,2.7,LSp4,7.0,fc2022,0.0,,3.24,0.54,,1,,2122,2.0,2.0,1.0,2.0,2.0,2.0,2.0,3.0,2.0,1,women,individual
10,Kailani Craine,AUS,14,57.46,29.55,27.91,0.0,,,,fc2022,,0.8,7.04,,,0,Composition,2122,7.0,7.25,7.25,6.75,7.0,6.25,7.25,7.0,7.0,1,women,individual
10,Kailani Craine,AUS,14,57.46,29.55,27.91,0.0,,,,fc2022,,0.8,7.14,,,0,Interpretation of the Music,2122,7.25,7.25,7.25,7.0,6.75,6.5,7.5,7.5,7.0,1,women,individual
10,Kailani Craine,AUS,14,57.46,29.55,27.91,0.0,,,,fc2022,,0.8,6.96,,,0,Performance,2122,6.75,7.25,7.25,6.75,6.75,6.75,7.5,7.25,6.75,1,women,individual
10,Kailani Craine,AUS,14,57.46,29.55,27.91,0.0,,,,fc2022,,0.8,7.0,,,0,Skating Skills,2122,7.25,7.0,7.25,6.5,7.0,6.5,7.25,7.5,6.75,1,women,individual
10,Kailani Craine,AUS,14,57.46,29.55,27.91,0.0,,,,fc2022,,0.8,6.75,,,0,Transitions,2122,6.75,7.0,7.0,6.5,6.5,6.0,6.75,7.0,6.75,1,women,individual
11,Alison Schumacher,CAN,9,57.36,29.94,27.42,0.0,6.6,3Fq+2T,1.0,fc2022,0.0,,5.77,-0.83,q,1,,2122,-2.0,-1.0,-2.0,-2.0,-1.0,-2.0,-1.0,0.0,-2.0,1,women,individual
11,Alison Schumacher,CAN,9,57.36,29.94,27.42,0.0,3.3,2A,2.0,fc2022,0.0,,3.49,0.19,,1,,2122,1.0,1.0,0.0,0.0,0.0,0.0,1.0,2.0,1.0,1,women,individual
11,Alison Schumacher,CAN,9,57.36,29.94,27.42,0.0,3.5,CCoSp4,3.0,fc2022,0.0,,4.15,0.65,,1,,2122,2.0,2.0,1.0,2.0,2.0,2.0,2.0,2.0,1.0,1,women,individual
11,Alison Schumacher,CAN,9,57.36,29.94,27.42,0.0,5.39,3Lo,4.0,fc2022,1.0,,6.09,0.7,,1,,2122,2.0,3.0,1.0,1.0,1.0,1.0,1.0,3.0,1.0,1,women,individual
11,Alison Schumacher,CAN,9,57.36,29.94,27.42,0.0,3.3,StSq3,5.0,fc2022,0.0,,3.91,0.61,,1,,2122,3.0,2.0,1.0,1.0,2.0,2.0,1.0,3.0,2.0,1,women,individual
11,Alison Schumacher,CAN,9,57.36,29.94,27.42,0.0,3.0,FSSp4,6.0,fc2022,0.0,,3.56,0.56,,1,,2122,3.0,2.0,1.0,1.0,2.0,2.0,2.0,2.0,2.0,1,women,individual
11,Alison Schumacher,CAN,9,57.36,29.94,27.42,0.0,2.7,LSp4,7.0,fc2022,0.0,,2.97,0.27,,1,,2122,2.0,0.0,-1.0,1.0,0.0,1.0,2.0,2.0,1.0,1,women,individual
11,Alison Schumacher,CAN,9,57.36,29.94,27.42,0.0,,,,fc2022,,0.8,6.96,,,0,Composition,2122,7.0,7.0,6.75,6.0,6.75,7.0,7.25,7.5,7.0,1,women,individual
11,Alison Schumacher,CAN,9,57.36,29.94,27.42,0.0,,,,fc2022,,0.8,6.93,,,0,Interpretation of the Music,2122,7.0,6.75,7.0,6.0,6.5,6.75,7.5,7.5,7.0,1,women,individual
11,Alison Schumacher,CAN,9,57.36,29.94,27.42,0.0,,,,fc2022,,0.8,7.0,,,0,Performance,2122,7.25,6.75,7.0,6.25,6.75,7.0,7.25,7.5,7.0,1,women,individual
11,Alison Schumacher,CAN,9,57.36,29.94,27.42,0.0,,,,fc2022,,0.8,6.71,,,0,Skating Skills,2122,6.75,6.5,6.75,5.75,6.75,6.5,7.0,7.25,6.75,1,women,individual
11,Alison Schumacher,CAN,9,57.36,29.94,27.42,0.0,,,,fc2022,,0.8,6.68,,,0,Transitions,2122,6.75,6.75,6.5,5.75,6.5,6.75,6.75,7.25,6.75,1,women,individual
12,Yuhana Yokoi,JPN,15,53.93,25.9,29.03,-1.0,3.3,2A,1.0,fc2022,0.0,,4.43,1.13,,1,,2122,4.0,4.0,2.0,3.0,4.0,3.0,4.0,3.0,3.0,1,women,individual
12,Yuhana Yokoi,JPN,15,53.93,25.9,29.03,-1.0,6.0,2F+3T,2.0,fc2022,0.0,,5.04,-0.96,,1,,2122,-3.0,-2.0,-2.0,-2.0,-2.0,-3.0,-3.0,-2.0,-2.0,1,women,individual
12,Yuhana Yokoi,JPN,15,53.93,25.9,29.03,-1.0,3.5,CCoSp4,3.0,fc2022,0.0,,3.85,0.35,,1,,2122,2.0,1.0,1.0,1.0,0.0,0.0,1.0,2.0,1.0,1,women,individual
12,Yuhana Yokoi,JPN,15,53.93,25.9,29.03,-1.0,5.19,3Lz<,4.0,fc2022,1.0,,2.83,-2.36,<,1,,2122,-5.0,-5.0,-5.0,-5.0,-5.0,-5.0,-5.0,-5.0,-5.0,1,women,individual
12,Yuhana Yokoi,JPN,15,53.93,25.9,29.03,-1.0,3.2,FCSp4,5.0,fc2022,0.0,,3.43,0.23,,1,,2122,1.0,1.0,1.0,1.0,0.0,1.0,0.0,-1.0,1.0,1,women,individual
12,Yuhana Yokoi,JPN,15,53.93,25.9,29.03,-1.0,2.6,StSq2,6.0,fc2022,0.0,,3.12,0.52,,1,,2122,2.0,3.0,1.0,2.0,2.0,2.0,2.0,2.0,2.0,1,women,individual
12,Yuhana Yokoi,JPN,15,53.93,25.9,29.03,-1.0,2.7,LSp4,7.0,fc2022,0.0,,3.2,0.5,,1,,2122,4.0,2.0,1.0,2.0,2.0,2.0,2.0,2.0,1.0,1,women,individual
12,Yuhana Yokoi,JPN,15,53.93,25.9,29.03,-1.0,,,,fc2022,,0.8,7.39,,,0,Composition,2122,7.75,7.25,7.5,7.25,6.75,7.0,7.5,7.75,7.5,1,women,individual
12,Yuhana Yokoi,JPN,15,53.93,25.9,29.03,-1.0,,,,fc2022,,0.8,7.29,,,0,Interpretation of the Music,2122,7.5,7.5,7.5,7.0,7.0,6.75,7.0,7.5,7.5,1,women,individual
12,Yuhana Yokoi,JPN,15,53.93,25.9,29.03,-1.0,,,,fc2022,,0.8,7.07,,,0,Performance,2122,7.25,7.25,7.5,6.75,6.5,6.75,6.75,7.5,7.25,1,women,individual
12,Yuhana Yokoi,JPN,15,53.93,25.9,29.03,-1.0,,,,fc2022,,0.8,7.46,,,0,Skating Skills,2122,7.75,7.5,7.5,7.25,7.25,7.25,7.5,7.5,7.75,1,women,individual
12,Yuhana Yokoi,JPN,15,53.93,25.9,29.03,-1.0,,,,fc2022,,0.8,7.07,,,0,Transitions,2122,7.5,7.0,7.25,7.0,7.0,6.75,6.75,7.25,7.25,1,women,individual
13,Veronik Mallet,CAN,3,53.77,27.14,26.63,0.0,5.5,3T+2T,1.0,fc2022,0.0,,6.28,0.78,,1,,2122,3.0,3.0,1.0,1.0,2.0,2.0,2.0,2.0,1.0,1,women,individual
13,Veronik Mallet,CAN,3,53.77,27.14,26.63,0.0,3.92,3Lo<,2.0,fc2022,0.0,,2.29,-1.63,<,1,,2122,-4.0,-5.0,-4.0,-3.0,-4.0,-4.0,-3.0,-5.0,-5.0,1,women,individual
13,Veronik Mallet,CAN,3,53.77,27.14,26.63,0.0,2.7,LSp4,3.0,fc2022,0.0,,2.93,0.23,,1,,2122,3.0,1.0,0.0,0.0,0.0,1.0,2.0,2.0,0.0,1,women,individual
13,Veronik Mallet,CAN,3,53.77,27.14,26.63,0.0,3.0,FSSp4,4.0,fc2022,0.0,,3.6,0.6,,1,,2122,2.0,2.0,2.0,2.0,2.0,2.0,1.0,3.0,2.0,1,women,individual
13,Veronik Mallet,CAN,3,53.77,27.14,26.63,0.0,3.63,2A,5.0,fc2022,1.0,,4.48,0.85,,1,,2122,3.0,4.0,2.0,2.0,2.0,3.0,3.0,3.0,1.0,1,women,individual
13,Veronik Mallet,CAN,3,53.77,27.14,26.63,0.0,2.6,StSq2,6.0,fc2022,0.0,,3.16,0.56,,1,,2122,3.0,3.0,1.0,1.0,2.0,3.0,2.0,2.0,2.0,1,women,individual
13,Veronik Mallet,CAN,3,53.77,27.14,26.63,0.0,3.5,CCoSp4,7.0,fc2022,0.0,,4.4,0.9,,1,,2122,3.0,3.0,2.0,2.0,3.0,2.0,3.0,3.0,2.0,1,women,individual
13,Veronik Mallet,CAN,3,53.77,27.14,26.63,0.0,,,,fc2022,,0.8,6.64,,,0,Composition,2122,6.5,7.25,6.5,6.5,6.5,6.75,7.0,6.75,6.25,1,women,individual
13,Veronik Mallet,CAN,3,53.77,27.14,26.63,0.0,,,,fc2022,,0.8,6.79,,,0,Interpretation of the Music,2122,6.75,7.5,6.75,6.25,6.75,6.75,7.5,6.75,6.25,1,women,individual
13,Veronik Mallet,CAN,3,53.77,27.14,26.63,0.0,,,,fc2022,,0.8,6.75,,,0,Performance,2122,6.75,7.25,6.5,6.25,6.5,7.0,7.5,7.0,6.25,1,women,individual
13,Veronik Mallet,CAN,3,53.77,27.14,26.63,0.0,,,,fc2022,,0.8,6.79,,,0,Skating Skills,2122,6.75,7.0,6.5,6.5,6.75,7.0,7.25,7.0,6.25,1,women,individual
13,Veronik Mallet,CAN,3,53.77,27.14,26.63,0.0,,,,fc2022,,0.8,6.32,,,0,Transitions,2122,6.0,6.75,6.25,6.25,6.0,6.5,6.75,6.5,6.0,1,women,individual
14,Sofia Lexi Jacqueline Frank,PHI,7,52.74,28.62,24.12,0.0,7.2,3Lz+2T,1.0,fc2022,0.0,,7.37,0.17,,1,,2122,1.0,2.0,0.0,-1.0,0.0,0.0,0.0,1.0,0.0,1,women,individual
14,Sofia Lexi Jacqueline Frank,PHI,7,52.74,28.62,24.12,0.0,4.9,3Lo,2.0,fc2022,0.0,,5.04,0.14,,1,,2122,1.0,1.0,0.0,0.0,0.0,0.0,0.0,1.0,0.0,1,women,individual
14,Sofia Lexi Jacqueline Frank,PHI,7,52.74,28.62,24.12,0.0,3.5,CCoSp4,3.0,fc2022,0.0,,3.7,0.2,,1,,2122,1.0,1.0,0.0,0.0,1.0,0.0,0.0,2.0,1.0,1,women,individual
14,Sofia Lexi Jacqueline Frank,PHI,7,52.74,28.62,24.12,0.0,3.63,2A,4.0,fc2022,1.0,,3.82,0.19,,1,,2122,1.0,1.0,0.0,1.0,0.0,1.0,0.0,2.0,0.0,1,women,individual
14,Sofia Lexi Jacqueline Frank,PHI,7,52.74,28.62,24.12,0.0,3.0,FSSp4,5.0,fc2022,0.0,,3.17,0.17,,1,,2122,0.0,0.0,1.0,1.0,0.0,1.0,0.0,2.0,1.0,1,women,individual
14,Sofia Lexi Jacqueline Frank,PHI,7,52.74,28.62,24.12,0.0,2.7,LSp4,6.0,fc2022,0.0,,2.7,0.0,,1,,2122,1.0,-1.0,-1.0,0.0,0.0,0.0,0.0,1.0,0.0,1,women,individual
14,Sofia Lexi Jacqueline Frank,PHI,7,52.74,28.62,24.12,0.0,2.6,StSq2,7.0,fc2022,0.0,,2.82,0.22,,1,,2122,2.0,1.0,0.0,1.0,0.0,0.0,1.0,1.0,2.0,1,women,individual
14,Sofia Lexi Jacqueline Frank,PHI,7,52.74,28.62,24.12,0.0,,,,fc2022,,0.8,6.04,,,0,Composition,2122,6.5,6.25,5.5,6.25,5.75,5.5,6.0,6.25,6.25,1,women,individual
14,Sofia Lexi Jacqueline Frank,PHI,7,52.74,28.62,24.12,0.0,,,,fc2022,,0.8,6.29,,,0,Interpretation of the Music,2122,6.5,6.5,5.75,6.25,6.0,6.0,6.75,6.5,6.25,1,women,individual
14,Sofia Lexi Jacqueline Frank,PHI,7,52.74,28.62,24.12,0.0,,,,fc2022,,0.8,6.18,,,0,Performance,2122,6.25,6.75,5.75,6.0,6.25,5.75,6.25,6.5,6.25,1,women,individual
14,Sofia Lexi Jacqueline Frank,PHI,7,52.74,28.62,24.12,0.0,,,,fc2022,,0.8,5.86,,,0,Skating Skills,2122,6.25,6.25,5.75,5.5,5.75,5.75,5.75,5.75,6.0,1,women,individual
14,Sofia Lexi Jacqueline Frank,PHI,7,52.74,28.62,24.12,0.0,,,,fc2022,,0.8,5.79,,,0,Transitions,2122,6.0,6.0,5.5,5.75,5.75,5.5,5.75,6.0,5.75,1,women,individual
15,Eugenia Garza,MEX,5,51.16,27.26,23.9,0.0,5.5,3T+2T,1.0,fc2022,0.0,,5.62,0.12,,1,,2122,1.0,1.0,0.0,0.0,0.0,0.0,0.0,1.0,0.0,1,women,individual
15,Eugenia Garza,MEX,5,51.16,27.26,23.9,0.0,4.3,3S,2.0,fc2022,0.0,,3.13,-1.17,,1,,2122,-2.0,-3.0,-3.0,-3.0,-3.0,-2.0,-1.0,-3.0,-3.0,1,women,individual
15,Eugenia Garza,MEX,5,51.16,27.26,23.9,0.0,3.5,CCoSp4,3.0,fc2022,0.0,,4.0,0.5,,1,,2122,3.0,2.0,1.0,1.0,2.0,1.0,0.0,2.0,1.0,1,women,individual
15,Eugenia Garza,MEX,5,51.16,27.26,23.9,0.0,3.63,2A,4.0,fc2022,1.0,,4.2,0.57,,1,,2122,3.0,4.0,1.0,1.0,2.0,2.0,1.0,2.0,1.0,1,women,individual
15,Eugenia Garza,MEX,5,51.16,27.26,23.9,0.0,3.2,FCSp4,5.0,fc2022,0.0,,3.52,0.32,,1,,2122,3.0,2.0,0.0,1.0,1.0,0.0,0.0,2.0,1.0,1,women,individual
15,Eugenia Garza,MEX,5,51.16,27.26,23.9,0.0,3.3,StSq3,6.0,fc2022,0.0,,3.82,0.52,,1,,2122,2.0,3.0,1.0,1.0,2.0,1.0,1.0,3.0,1.0,1,women,individual
15,Eugenia Garza,MEX,5,51.16,27.26,23.9,0.0,2.7,LSp4,7.0,fc2022,0.0,,2.97,0.27,,1,,2122,2.0,1.0,-1.0,1.0,1.0,1.0,1.0,2.0,0.0,1,women,individual
15,Eugenia Garza,MEX,5,51.16,27.26,23.9,0.0,,,,fc2022,,0.8,5.89,,,0,Composition,2122,6.25,6.5,5.75,5.5,5.75,5.75,5.75,6.5,5.25,1,women,individual
15,Eugenia Garza,MEX,5,51.16,27.26,23.9,0.0,,,,fc2022,,0.8,6.14,,,0,Interpretation of the Music,2122,6.25,7.25,6.0,5.75,6.25,6.0,6.25,6.5,5.25,1,women,individual
15,Eugenia Garza,MEX,5,51.16,27.26,23.9,0.0,,,,fc2022,,0.8,6.14,,,0,Performance,2122,6.5,7.0,5.75,5.75,6.0,6.0,6.5,6.5,5.25,1,women,individual
15,Eugenia Garza,MEX,5,51.16,27.26,23.9,0.0,,,,fc2022,,0.8,5.89,,,0,Skating Skills,2122,6.25,6.25,6.0,5.25,5.75,5.75,6.0,6.25,5.25,1,women,individual
15,Eugenia Garza,MEX,5,51.16,27.26,23.9,0.0,,,,fc2022,,0.8,5.82,,,0,Transitions,2122,6.5,6.75,5.5,5.5,5.75,5.75,5.5,6.25,5.0,1,women,individual
16,Victoria Alcantara,AUS,1,49.73,27.1,22.63,0.0,5.3,3F,1.0,fc2022,0.0,,5.07,-0.23,,1,,2122,0.0,-2.0,0.0,0.0,0.0,0.0,-1.0,-2.0,0.0,1,women,individual
16,Victoria Alcantara,AUS,1,49.73,27.1,22.63,0.0,5.5,3T+2T,2.0,fc2022,0.0,,5.5,0.0,,1,,2122,0.0,0.0,0.0,0.0,0.0,0.0,0.0,0.0,0.0,1,women,individual
16,Victoria Alcantara,AUS,1,49.73,27.1,22.63,0.0,3.0,FSSp4,3.0,fc2022,0.0,,3.47,0.47,,1,,2122,1.0,2.0,1.0,1.0,2.0,2.0,1.0,2.0,2.0,1,women,individual
16,Victoria Alcantara,AUS,1,49.73,27.1,22.63,0.0,3.63,2A,4.0,fc2022,1.0,,3.77,0.14,,1,,2122,1.0,2.0,0.0,0.0,1.0,0.0,1.0,0.0,0.0,1,women,individual
16,Victoria Alcantara,AUS,1,49.73,27.1,22.63,0.0,2.7,LSp4,5.0,fc2022,0.0,,2.55,-0.15,,1,,2122,0.0,0.0,-1.0,-1.0,0.0,-1.0,-1.0,1.0,-1.0,1,women,individual
16,Victoria Alcantara,AUS,1,49.73,27.1,22.63,0.0,2.6,StSq2,6.0,fc2022,0.0,,2.64,0.04,,1,,2122,1.0,0.0,-1.0,0.0,0.0,0.0,1.0,0.0,0.0,1,women,individual
16,Victoria Alcantara,AUS,1,49.73,27.1,22.63,0.0,3.5,CCoSp4,7.0,fc2022,0.0,,4.1,0.6,,1,,2122,2.0,3.0,0.0,2.0,2.0,2.0,1.0,2.0,1.0,1,women,individual
16,Victoria Alcantara,AUS,1,49.73,27.1,22.63,0.0,,,,fc2022,,0.8,5.71,,,0,Composition,2122,5.5,6.25,5.5,5.5,5.5,5.75,6.25,5.5,6.0,1,women,individual
16,Victoria Alcantara,AUS,1,49.73,27.1,22.63,0.0,,,,fc2022,,0.8,5.68,,,0,Interpretation of the Music,2122,5.75,5.75,5.25,5.25,5.75,6.0,6.0,5.0,6.0,1,women,individual
16,Victoria Alcantara,AUS,1,49.73,27.1,22.63,0.0,,,,fc2022,,0.8,5.79,,,0,Performance,2122,5.75,6.25,5.5,5.75,5.25,6.0,6.5,5.0,6.0,1,women,individual
16,Victoria Alcantara,AUS,1,49.73,27.1,22.63,0.0,,,,fc2022,,0.8,5.57,,,0,Skating Skills,2122,5.5,6.0,5.25,5.5,5.25,5.75,6.5,5.25,5.75,1,women,individual
16,Victoria Alcantara,AUS,1,49.73,27.1,22.63,0.0,,,,fc2022,,0.8,5.54,,,0,Transitions,2122,5.5,5.75,5.0,5.5,5.5,5.75,6.0,5.25,5.5,1,women,individual
17,Tzu-Han Ting,TPE,10,49.15,25.27,24.88,-1.0,4.72,3Lze+COMBO,1.0,fc2022,0.0,,2.36,-2.36,e,1,,2122,-5.0,-5.0,-5.0,-5.0,-5.0,-5.0,-5.0,-5.0,-5.0,1,women,individual
17,Tzu-Han Ting,TPE,10,49.15,25.27,24.88,-1.0,5.3,3F,2.0,fc2022,0.0,,3.71,-1.59,,1,,2122,-3.0,-3.0,-3.0,-4.0,-3.0,-2.0,-3.0,-3.0,-3.0,1,women,individual
17,Tzu-Han Ting,TPE,10,49.15,25.27,24.88,-1.0,3.2,FCSp4,3.0,fc2022,0.0,,3.75,0.55,,1,,2122,2.0,2.0,1.0,2.0,1.0,2.0,0.0,2.0,2.0,1,women,individual
17,Tzu-Han Ting,TPE,10,49.15,25.27,24.88,-1.0,2.7,LSp4,4.0,fc2022,0.0,,3.28,0.58,,1,,2122,4.0,3.0,2.0,2.0,1.0,2.0,2.0,2.0,2.0,1,women,individual
17,Tzu-Han Ting,TPE,10,49.15,25.27,24.88,-1.0,3.3,StSq3,5.0,fc2022,0.0,,3.77,0.47,,1,,2122,1.0,2.0,0.0,1.0,2.0,2.0,1.0,2.0,1.0,1,women,individual
17,Tzu-Han Ting,TPE,10,49.15,25.27,24.88,-1.0,3.63,2A,6.0,fc2022,1.0,,4.2,0.57,,1,,2122,2.0,2.0,1.0,1.0,2.0,2.0,2.0,2.0,1.0,1,women,individual
17,Tzu-Han Ting,TPE,10,49.15,25.27,24.88,-1.0,3.5,CCoSp4,7.0,fc2022,0.0,,4.2,0.7,,1,,2122,3.0,2.0,2.0,2.0,2.0,2.0,1.0,2.0,2.0,1,women,individual
17,Tzu-Han Ting,TPE,10,49.15,25.27,24.88,-1.0,,,,fc2022,,0.8,6.29,,,0,Composition,2122,6.25,6.25,6.0,6.25,6.75,6.0,7.0,6.5,6.0,1,women,individual
17,Tzu-Han Ting,TPE,10,49.15,25.27,24.88,-1.0,,,,fc2022,,0.8,6.18,,,0,Interpretation of the Music,2122,5.75,6.25,6.0,6.0,6.75,5.75,6.5,6.75,6.0,1,women,individual
17,Tzu-Han Ting,TPE,10,49.15,25.27,24.88,-1.0,,,,fc2022,,0.8,6.39,,,0,Performance,2122,6.25,6.5,6.0,6.5,6.5,6.25,6.75,7.0,6.0,1,women,individual
17,Tzu-Han Ting,TPE,10,49.15,25.27,24.88,-1.0,,,,fc2022,,0.8,6.18,,,0,Skating Skills,2122,6.0,6.0,6.25,6.0,7.25,6.25,6.25,6.5,6.0,1,women,individual
17,Tzu-Han Ting,TPE,10,49.15,25.27,24.88,-1.0,,,,fc2022,,0.8,6.07,,,0,Transitions,2122,6.0,6.0,5.75,6.25,7.0,5.75,6.25,6.5,5.75,1,women,individual
18,Jocelyn Hong,NZL,4,48.6,26.17,22.43,0.0,5.9,3Lz,1.0,fc2022,0.0,,3.12,-2.78,,1,,2122,-4.0,-5.0,-4.0,-5.0,-4.0,-5.0,-5.0,-5.0,-5.0,1,women,individual
18,Jocelyn Hong,NZL,4,48.6,26.17,22.43,0.0,6.2,3Lo+2T,2.0,fc2022,0.0,,6.13,-0.07,,1,,2122,0.0,0.0,0.0,-1.0,-1.0,0.0,0.0,0.0,0.0,1,women,individual
18,Jocelyn Hong,NZL,4,48.6,26.17,22.43,0.0,3.2,FCSp4,3.0,fc2022,0.0,,3.43,0.23,,1,,2122,2.0,1.0,0.0,0.0,1.0,0.0,1.0,1.0,1.0,1,women,individual
18,Jocelyn Hong,NZL,4,48.6,26.17,22.43,0.0,3.3,2A,4.0,fc2022,0.0,,3.68,0.38,,1,,2122,2.0,1.0,1.0,1.0,2.0,1.0,1.0,1.0,1.0,1,women,individual
18,Jocelyn Hong,NZL,4,48.6,26.17,22.43,0.0,2.6,StSq2,5.0,fc2022,0.0,,2.93,0.33,,1,,2122,2.0,2.0,1.0,1.0,1.0,1.0,1.0,2.0,1.0,1,women,individual
18,Jocelyn Hong,NZL,4,48.6,26.17,22.43,0.0,3.5,CCoSp4,6.0,fc2022,0.0,,3.95,0.45,,1,,2122,2.0,2.0,1.0,1.0,1.0,1.0,0.0,2.0,1.0,1,women,individual
18,Jocelyn Hong,NZL,4,48.6,26.17,22.43,0.0,2.7,LSp4,7.0,fc2022,0.0,,2.93,0.23,,1,,2122,1.0,1.0,1.0,1.0,0.0,1.0,0.0,1.0,1.0,1,women,individual
18,Jocelyn Hong,NZL,4,48.6,26.17,22.43,0.0,,,,fc2022,,0.8,5.61,,,0,Composition,2122,5.5,6.25,5.5,5.25,5.25,5.5,6.0,5.75,5.75,1,women,individual
18,Jocelyn Hong,NZL,4,48.6,26.17,22.43,0.0,,,,fc2022,,0.8,5.68,,,0,Interpretation of the Music,2122,5.25,6.75,5.75,5.25,5.0,5.75,6.25,5.75,5.75,1,women,individual
18,Jocelyn Hong,NZL,4,48.6,26.17,22.43,0.0,,,,fc2022,,0.8,5.71,,,0,Performance,2122,5.75,6.25,5.5,5.5,5.0,5.5,6.25,5.75,5.75,1,women,individual
18,Jocelyn Hong,NZL,4,48.6,26.17,22.43,0.0,,,,fc2022,,0.8,5.61,,,0,Skating Skills,2122,5.25,6.0,5.75,5.25,5.25,5.75,6.25,5.5,5.75,1,women,individual
18,Jocelyn Hong,NZL,4,48.6,26.17,22.43,0.0,,,,fc2022,,0.8,5.43,,,0,Transitions,2122,5.5,5.75,5.25,5.0,5.25,5.5,6.0,5.25,5.5,1,women,individual
19,Andrea Montesinos Cantu,MEX,6,47.36,22.73,24.63,0.0,0.0,2Lo*,1.0,fc2022,0.0,,0.0,0.0,*,1,,2122,0.0,0.0,0.0,0.0,0.0,0.0,0.0,0.0,0.0,1,women,individual
19,Andrea Montesinos Cantu,MEX,6,47.36,22.73,24.63,0.0,5.6,3S+2T,2.0,fc2022,0.0,,5.91,0.31,,1,,2122,0.0,2.0,0.0,1.0,1.0,0.0,1.0,1.0,1.0,1,women,individual
19,Andrea Montesinos Cantu,MEX,6,47.36,22.73,24.63,0.0,3.0,FSSp4,3.0,fc2022,0.0,,3.21,0.21,,1,,2122,0.0,-1.0,2.0,1.0,1.0,0.0,0.0,2.0,1.0,1,women,individual
19,Andrea Montesinos Cantu,MEX,6,47.36,22.73,24.63,0.0,3.63,2A,4.0,fc2022,1.0,,4.1,0.47,,1,,2122,1.0,2.0,1.0,1.0,2.0,1.0,2.0,2.0,1.0,1,women,individual
19,Andrea Montesinos Cantu,MEX,6,47.36,22.73,24.63,0.0,3.5,CCoSp4,5.0,fc2022,0.0,,3.9,0.4,,1,,2122,2.0,1.0,1.0,1.0,1.0,0.0,1.0,2.0,1.0,1,women,individual
19,Andrea Montesinos Cantu,MEX,6,47.36,22.73,24.63,0.0,2.4,LSp3,6.0,fc2022,0.0,,2.64,0.24,,1,,2122,1.0,2.0,1.0,1.0,1.0,1.0,1.0,1.0,1.0,1,women,individual
19,Andrea Montesinos Cantu,MEX,6,47.36,22.73,24.63,0.0,2.6,StSq2,7.0,fc2022,0.0,,2.97,0.37,,1,,2122,0.0,3.0,0.0,2.0,2.0,2.0,1.0,2.0,1.0,1,women,individual
19,Andrea Montesinos Cantu,MEX,6,47.36,22.73,24.63,0.0,,,,fc2022,,0.8,6.11,,,0,Composition,2122,5.5,6.5,6.25,6.25,6.25,6.0,6.25,6.0,5.75,1,women,individual
19,Andrea Montesinos Cantu,MEX,6,47.36,22.73,24.63,0.0,,,,fc2022,,0.8,6.29,,,0,Interpretation of the Music,2122,5.0,6.75,6.75,6.25,6.25,6.25,6.5,6.25,5.75,1,women,individual
19,Andrea Montesinos Cantu,MEX,6,47.36,22.73,24.63,0.0,,,,fc2022,,0.8,6.25,,,0,Performance,2122,5.0,6.5,6.25,6.5,6.5,6.0,6.5,6.0,6.0,1,women,individual
19,Andrea Montesinos Cantu,MEX,6,47.36,22.73,24.63,0.0,,,,fc2022,,0.8,6.21,,,0,Skating Skills,2122,5.5,6.5,6.5,6.25,6.0,6.0,6.5,6.5,5.75,1,women,individual
19,Andrea Montesinos Cantu,MEX,6,47.36,22.73,24.63,0.0,,,,fc2022,,0.8,5.93,,,0,Transitions,2122,5.25,6.5,6.0,6.25,6.0,5.75,5.75,6.25,5.5,1,women,individual
20,Tara Prasad,IND,2,43.31,22.12,21.19,0.0,5.62,3Lo<+3Lo<<,1.0,fc2022,0.0,,3.66,-1.96,<<,1,,2122,-5.0,-5.0,-4.0,-5.0,-5.0,-5.0,-5.0,-5.0,-5.0,1,women,individual
20,Tara Prasad,IND,2,43.31,22.12,21.19,0.0,4.24,3F<,2.0,fc2022,0.0,,3.33,-0.91,<,1,,2122,-3.0,-2.0,-2.0,-2.0,-2.0,-2.0,-2.0,-3.0,-2.0,1,women,individual
20,Tara Prasad,IND,2,43.31,22.12,21.19,0.0,2.4,LSp3,3.0,fc2022,0.0,,2.54,0.14,,1,,2122,1.0,1.0,1.0,-1.0,0.0,0.0,0.0,1.0,1.0,1,women,individual
20,Tara Prasad,IND,2,43.31,22.12,21.19,0.0,3.63,2A,4.0,fc2022,1.0,,3.96,0.33,,1,,2122,1.0,2.0,1.0,1.0,1.0,1.0,1.0,1.0,0.0,1,women,individual
20,Tara Prasad,IND,2,43.31,22.12,21.19,0.0,3.5,CCoSp4,5.0,fc2022,0.0,,3.7,0.2,,1,,2122,1.0,1.0,1.0,0.0,0.0,0.0,-1.0,1.0,1.0,1,women,individual
20,Tara Prasad,IND,2,43.31,22.12,21.19,0.0,2.6,StSq2,6.0,fc2022,0.0,,2.82,0.22,,1,,2122,1.0,2.0,0.0,1.0,1.0,0.0,1.0,1.0,1.0,1,women,individual
20,Tara Prasad,IND,2,43.31,22.12,21.19,0.0,2.0,FSSp1,7.0,fc2022,0.0,,2.11,0.11,,1,,2122,0.0,1.0,1.0,0.0,1.0,1.0,-1.0,0.0,1.0,1,women,individual
20,Tara Prasad,IND,2,43.31,22.12,21.19,0.0,,,,fc2022,,0.8,5.39,,,0,Composition,2122,5.75,6.0,5.5,5.25,5.25,5.25,5.5,5.25,5.25,1,women,individual
20,Tara Prasad,IND,2,43.31,22.12,21.19,0.0,,,,fc2022,,0.8,5.46,,,0,Interpretation of the Music,2122,5.25,5.75,5.5,5.5,5.25,5.5,5.75,5.5,5.25,1,women,individual
20,Tara Prasad,IND,2,43.31,22.12,21.19,0.0,,,,fc2022,,0.8,5.25,,,0,Performance,2122,5.0,5.5,5.25,5.25,5.25,5.25,5.75,5.25,5.0,1,women,individual
20,Tara Prasad,IND,2,43.31,22.12,21.19,0.0,,,,fc2022,,0.8,5.21,,,0,Skating Skills,2122,5.5,6.25,5.25,4.75,5.0,5.25,5.75,4.75,5.0,1,women,individual
20,Tara Prasad,IND,2,43.31,22.12,21.19,0.0,,,,fc2022,,0.8,5.18,,,0,Transitions,2122,5.25,5.5,5.0,5.0,5.5,5.0,5.25,5.25,4.75,1,women,individual
