"rank","name","country","starting_number","total_segment_score","total_element_score","total_component_score","deductions","type","category","base_value","highlight","goe","factor","j1","j2","j3","j4","j5","j6","j7","j8","j9","scores_of_panel"
1,"PANG Qing / TONG Jian","CHN",19,141.81,70.53,71.28,NA,"ee","2A+2A+SEQ",5.6,0,1.6,NA,"2","2","2","1","1","1","2","2","1",7.2
1,"PANG Qing / TONG Jian","CHN",19,141.81,70.53,71.28,NA,"ee","3T",4,0,1,NA,"1","1","1","1","1","1","1","2","1",5
1,"PANG Qing / TONG Jian","CHN",19,141.81,70.53,71.28,NA,"ee","5ALi4",6.5,0,1.6,NA,"2","1","2","1","1","1","2","2","2",8.1
1,"PANG Qing / TONG Jian","CHN",19,141.81,70.53,71.28,NA,"ee","SpSq4",3.4,0,1.8,NA,"2","2","2","1","1","1","2","2","2",5.2
1,"PANG Qing / TONG Jian","CHN",19,141.81,70.53,71.28,NA,"ee","FCCoSp3",3,0,0.5,NA,"0.5","1","1","0","0.5","0.5","0.5","0.5","0.5",3.5
1,"PANG Qing / TONG Jian","CHN",19,141.81,70.53,71.28,NA,"ee","3LzTw1",5.5,1,1.52,NA,"1.4","2","1.4","1.4","1.4","1.4","1.4","2","1.4",7.02
1,"PANG Qing / TONG Jian","CHN",19,141.81,70.53,71.28,NA,"ee","PCoSp4",4.5,0,0.8,NA,"1","1","1","0.5","0.5","0.5","1","1","0.5",5.3
1,"PANG Qing / TONG Jian","CHN",19,141.81,70.53,71.28,NA,"ee","3STh",4.95,1,1.52,NA,"1.4","2","2","1.4","1.4","1.4","2","1.4","1.4",6.47
1,"PANG Qing / TONG Jian","CHN",19,141.81,70.53,71.28,NA,"ee","3LoTh",5.5,1,1.52,NA,"2","2","2","1.4","1.4","1.4","0.7","1.4","1.4",7.02
1,"PANG Qing / TONG Jian","CHN",19,141.81,70.53,71.28,NA,"ee","BoDs1",3,0,0.42,NA,"0.7","0.7","0","0","0.7","0.7","0","0.7","0",3.42
1,"PANG Qing / TONG Jian","CHN",19,141.81,70.53,71.28,NA,"ee","5TLi4",6.6,1,0.6,NA,"1","0.5","0.5","0.5","0.5","0.5","0.5","1","0.5",7.2
1,"PANG Qing / TONG Jian","CHN",19,141.81,70.53,71.28,NA,"ee","4Li4",4.4,1,0.7,NA,"1","0.5","1","1","1","0.5","0.5","1.5","0.5",5.1
1,"PANG Qing / TONG Jian","CHN",19,141.81,70.53,71.28,NA,"pc","Skating Skills",NA,NA,NA,1.6,"8.50","9.00","8.75","9.00","8.25","9.00","9.00","9.00","8.50",8.9
1,"PANG Qing / TONG Jian","CHN",19,141.81,70.53,71.28,NA,"pc","Transitions / Linking Footwork",NA,NA,NA,1.6,"8.00","9.25","8.75","8.50","8.00","9.00","9.00","8.50","8.50",8.7
1,"PANG Qing / TONG Jian","CHN",19,141.81,70.53,71.28,NA,"pc","Performance / Execution",NA,NA,NA,1.6,"9.00","9.75","9.00","8.50","8.50","9.00","9.25","8.75","9.00",9
1,"PANG Qing / TONG Jian","CHN",19,141.81,70.53,71.28,NA,"pc","Choreography / Composition",NA,NA,NA,1.6,"9.00","9.50","9.00","8.75","8.25","9.00","9.00","8.75","8.75",8.9
1,"PANG Qing / TONG Jian","CHN",19,141.81,70.53,71.28,NA,"pc","Interpretation",NA,NA,NA,1.6,"9.25","9.50","9.25","8.50","8.50","9.00","9.25","8.75","9.00",9.05
1,"PANG Qing / TONG Jian","CHN",19,141.81,70.53,71.28,0,"ded",NA,NA,NA,NA,NA,NA,NA,NA,NA,NA,NA,NA,NA,NA,NA
2,"SHEN Xue / ZHAO Hongbo","CHN",20,139.91,67.51,72.4,NA,"ee","3T",4,0,1.8,NA,"1","2","2","3","1","2","3","2","1",5.8
2,"SHEN Xue / ZHAO Hongbo","CHN",20,139.91,67.51,72.4,NA,"ee","2A+2A+SEQ",5.6,0,0.4,NA,"1","0","0","1","1","1","0","1","0",6
2,"SHEN Xue / ZHAO Hongbo","CHN",20,139.91,67.51,72.4,NA,"ee","FCCoSp4",3.5,0,0.3,NA,"0","0","0","0.5","0.5","0.5","0.5","0.5","0.5",3.8
2,"SHEN Xue / ZHAO Hongbo","CHN",20,139.91,67.51,72.4,NA,"ee","3Li4",4,0,1,NA,"1","1","0.5","1","1","1.5","1","1","1",5
2,"SHEN Xue / ZHAO Hongbo","CHN",20,139.91,67.51,72.4,NA,"ee","FoDs4",4.5,0,1.4,NA,"1.4","0.7","1.4","1.4","1.4","1.4","1.4","2","1.4",5.9
2,"SHEN Xue / ZHAO Hongbo","CHN",20,139.91,67.51,72.4,NA,"ee","5ALi1",5.5,1,-1.4,NA,"-1.4","-1.4","-1.4","-1.4","-1.4","-1.4","-1.4","-1.4","-1.4",4.1
2,"SHEN Xue / ZHAO Hongbo","CHN",20,139.91,67.51,72.4,NA,"ee","3LzTw1",5.5,1,1.4,NA,"1.4","1.4","1.4","1.4","1.4","2","1.4","1.4","1.4",6.9
2,"SHEN Xue / ZHAO Hongbo","CHN",20,139.91,67.51,72.4,NA,"ee","3LoTh",5.5,1,1.64,NA,"1.4","1.4","2","2","1.4","2","1.4","2","1.4",7.14
2,"SHEN Xue / ZHAO Hongbo","CHN",20,139.91,67.51,72.4,NA,"ee","3STh",4.95,1,1.12,NA,"1.4","0","0.7","1.4","1.4","0.7","1.4","1.4","1.4",6.07
2,"SHEN Xue / ZHAO Hongbo","CHN",20,139.91,67.51,72.4,NA,"ee","SpSq4",3.4,0,1.4,NA,"1","0","1","2","1","1","2","2","2",4.8
2,"SHEN Xue / ZHAO Hongbo","CHN",20,139.91,67.51,72.4,NA,"ee","PCoSp3",4,0,0.7,NA,"0.5","0.5","0.5","1","0.5","1","1","0.5","1",4.7
2,"SHEN Xue / ZHAO Hongbo","CHN",20,139.91,67.51,72.4,NA,"ee","5TLi4",6.6,1,0.7,NA,"0.5","0","0.5","0.5","0.5","0.5","1","1","1",7.3
2,"SHEN Xue / ZHAO Hongbo","CHN",20,139.91,67.51,72.4,NA,"pc","Skating Skills",NA,NA,NA,1.6,"9.00","8.25","9.00","8.75","8.50","9.25","9.00","9.00","8.75",8.95
2,"SHEN Xue / ZHAO Hongbo","CHN",20,139.91,67.51,72.4,NA,"pc","Transitions / Linking Footwork",NA,NA,NA,1.6,"8.75","9.00","8.75","9.00","8.25","9.25","8.75","9.00","8.75",8.85
2,"SHEN Xue / ZHAO Hongbo","CHN",20,139.91,67.51,72.4,NA,"pc","Performance / Execution",NA,NA,NA,1.6,"8.75","9.25","9.00","9.25","8.50","9.25","8.75","9.50","9.25",9.1
2,"SHEN Xue / ZHAO Hongbo","CHN",20,139.91,67.51,72.4,NA,"pc","Choreography / Composition",NA,NA,NA,1.6,"9.00","9.00","9.00","9.00","8.50","9.50","8.75","9.50","9.00",9.1
2,"SHEN Xue / ZHAO Hongbo","CHN",20,139.91,67.51,72.4,NA,"pc","Interpretation",NA,NA,NA,1.6,"9.00","9.25","9.25","9.25","8.75","9.50","9.00","10.00","9.25",9.25
2,"SHEN Xue / ZHAO Hongbo","CHN",20,139.91,67.51,72.4,0,"ded",NA,NA,NA,NA,NA,NA,NA,NA,NA,NA,NA,NA,NA,NA,NA
3,"SAVCHENKO Aliona / SZOLKOWY Robin","GER",18,134.64,65.08,70.56,NA,"ee","3T+2T+SEQ",4.24,0,-0.6,NA,"-1","0","2","-1","-1","1","-2","-2","1",3.64
3,"SAVCHENKO Aliona / SZOLKOWY Robin","GER",18,134.64,65.08,70.56,NA,"ee","3FTh",5.5,0,1.4,NA,"1.4","1.4","1.4","1.4","1.4","1.4","1.4","1.4","1.4",6.9
3,"SAVCHENKO Aliona / SZOLKOWY Robin","GER",18,134.64,65.08,70.56,NA,"ee","2A",3.5,0,-2.32,NA,"-2.5","-1.6","-2.5","-2.5","-2.5","-2.5","-1.6","-2.5","-1.6",1.18
3,"SAVCHENKO Aliona / SZOLKOWY Robin","GER",18,134.64,65.08,70.56,NA,"ee","FCCoSp4",3.5,0,0.3,NA,"0","0.5","0.5","0","0.5","1","0","0.5","0.5",3.8
3,"SAVCHENKO Aliona / SZOLKOWY Robin","GER",18,134.64,65.08,70.56,NA,"ee","PCoSp4",4.5,0,1,NA,"1","0.5","1","1","1","1","1","1","1",5.5
3,"SAVCHENKO Aliona / SZOLKOWY Robin","GER",18,134.64,65.08,70.56,NA,"ee","3LzTw1",5.5,1,0.7,NA,"-0.7","0.7","2","0.7","1.4","1.4","0.7","0","1.4",6.2
3,"SAVCHENKO Aliona / SZOLKOWY Robin","GER",18,134.64,65.08,70.56,NA,"ee","5ALi4",7.15,1,1.4,NA,"1","1","2","1","2","2","1","2","1",8.55
3,"SAVCHENKO Aliona / SZOLKOWY Robin","GER",18,134.64,65.08,70.56,NA,"ee","5TLi4",6.6,1,1.1,NA,"1","1","1.5","1","1","1","0.5","1.5","1",7.7
3,"SAVCHENKO Aliona / SZOLKOWY Robin","GER",18,134.64,65.08,70.56,NA,"ee","BoDs3",4,0,0.84,NA,"0","0.7","1.4","1.4","1.4","0.7","0.7","0.7","0.7",4.84
3,"SAVCHENKO Aliona / SZOLKOWY Robin","GER",18,134.64,65.08,70.56,NA,"ee","SpSq4",3.4,0,1.8,NA,"1","1","2","2","2","2","2","2","1",5.2
3,"SAVCHENKO Aliona / SZOLKOWY Robin","GER",18,134.64,65.08,70.56,NA,"ee","3Li4",4.4,1,0.7,NA,"0.5","0.5","1","1","1","1","0.5","0.5","1",5.1
3,"SAVCHENKO Aliona / SZOLKOWY Robin","GER",18,134.64,65.08,70.56,NA,"ee","3STh",4.95,1,1.52,NA,"1.4","1.4","1.4","1.4","1.4","2","2","1.4","1.4",6.47
3,"SAVCHENKO Aliona / SZOLKOWY Robin","GER",18,134.64,65.08,70.56,NA,"pc","Skating Skills",NA,NA,NA,1.6,"8.25","9.00","9.00","8.50","8.75","9.00","9.00","8.75","8.75",8.85
3,"SAVCHENKO Aliona / SZOLKOWY Robin","GER",18,134.64,65.08,70.56,NA,"pc","Transitions / Linking Footwork",NA,NA,NA,1.6,"7.50","8.75","8.50","8.50","8.50","9.00","8.75","8.50","8.50",8.6
3,"SAVCHENKO Aliona / SZOLKOWY Robin","GER",18,134.64,65.08,70.56,NA,"pc","Performance / Execution",NA,NA,NA,1.6,"8.25","8.75","8.75","8.75","8.75","9.50","8.75","9.25","8.75",8.85
3,"SAVCHENKO Aliona / SZOLKOWY Robin","GER",18,134.64,65.08,70.56,NA,"pc","Choreography / Composition",NA,NA,NA,1.6,"8.00","8.75","8.75","9.00","9.00","9.00","8.75","9.25","8.75",8.85
3,"SAVCHENKO Aliona / SZOLKOWY Robin","GER",18,134.64,65.08,70.56,NA,"pc","Interpretation",NA,NA,NA,1.6,"8.00","8.75","8.75","9.25","8.75","9.25","9.00","9.00","8.75",8.95
3,"SAVCHENKO Aliona / SZOLKOWY Robin","GER",18,134.64,65.08,70.56,-1,"ded",NA,NA,NA,NA,NA,NA,NA,NA,NA,NA,NA,NA,NA,NA,NA
4,"ZHANG Dan / ZHANG Hao","CHN",14,123.06,65.42,58.64,NA,"ee","2A+3T",7.5,0,-3,NA,"-3","-2","-3","-3","-3","-3","-2","-3","-2",4.5
4,"ZHANG Dan / ZHANG Hao","CHN",14,123.06,65.42,58.64,NA,"ee","3S",4.5,0,1,NA,"1","2","1","1","1","1","1","1","2",5.5
4,"ZHANG Dan / ZHANG Hao","CHN",14,123.06,65.42,58.64,NA,"ee","3LzTw1",5,0,1.4,NA,"1.4","1.4","2","1.4","1.4","1.4","1.4","0.7","1.4",6.4
4,"ZHANG Dan / ZHANG Hao","CHN",14,123.06,65.42,58.64,NA,"ee","5TLi4",6,0,0.6,NA,"0.5","0.5","1","0.5","0.5","1","1","0.5","1",6.6
4,"ZHANG Dan / ZHANG Hao","CHN",14,123.06,65.42,58.64,NA,"ee","BiDs3",3.2,0,0.56,NA,"0.7","0","0.7","0.7","0","0.7","0.7","0.7","0.7",3.76
4,"ZHANG Dan / ZHANG Hao","CHN",14,123.06,65.42,58.64,NA,"ee","FCCoSp4",3.5,0,0.6,NA,"0.5","1","1","0.5","0.5","0.5","0.5","0","1",4.1
4,"ZHANG Dan / ZHANG Hao","CHN",14,123.06,65.42,58.64,NA,"ee","3LoTh",5.5,1,1.4,NA,"1.4","2","1.4","1.4","1.4","1.4","1.4","0.7","1.4",6.9
4,"ZHANG Dan / ZHANG Hao","CHN",14,123.06,65.42,58.64,NA,"ee","3STh",4.95,1,1.76,NA,"1.4","2","2","2","2","1.4","1.4","1.4","2",6.71
4,"ZHANG Dan / ZHANG Hao","CHN",14,123.06,65.42,58.64,NA,"ee","SpSq4",3.4,0,0.8,NA,"1","1","1","1","0","2","1","0","1",4.2
4,"ZHANG Dan / ZHANG Hao","CHN",14,123.06,65.42,58.64,NA,"ee","5ALi4",7.15,1,1.4,NA,"2","1","2","0","1","2","2","1","1",8.55
4,"ZHANG Dan / ZHANG Hao","CHN",14,123.06,65.42,58.64,NA,"ee","3Li2",3.3,1,0.1,NA,"0.5","0","0","-0.5","0","0","0.5","0.5","0.5",3.4
4,"ZHANG Dan / ZHANG Hao","CHN",14,123.06,65.42,58.64,NA,"ee","PCoSp4",4.5,0,0.3,NA,"0.5","0","0.5","0.5","0","0.5","0.5","0","0.5",4.8
4,"ZHANG Dan / ZHANG Hao","CHN",14,123.06,65.42,58.64,NA,"pc","Skating Skills",NA,NA,NA,1.6,"8.00","7.50","7.00","7.50","7.00","7.75","7.75","7.75","7.75",7.5
4,"ZHANG Dan / ZHANG Hao","CHN",14,123.06,65.42,58.64,NA,"pc","Transitions / Linking Footwork",NA,NA,NA,1.6,"7.50","7.25","6.75","7.00","6.25","7.50","7.25","7.25","7.75",7.15
4,"ZHANG Dan / ZHANG Hao","CHN",14,123.06,65.42,58.64,NA,"pc","Performance / Execution",NA,NA,NA,1.6,"7.75","7.25","7.00","7.25","7.25","7.50","7.50","7.50","7.25",7.35
4,"ZHANG Dan / ZHANG Hao","CHN",14,123.06,65.42,58.64,NA,"pc","Choreography / Composition",NA,NA,NA,1.6,"8.00","7.50","6.50","7.25","6.75","7.75","7.75","7.75","7.75",7.4
4,"ZHANG Dan / ZHANG Hao","CHN",14,123.06,65.42,58.64,NA,"pc","Interpretation",NA,NA,NA,1.6,"7.75","7.50","6.75","7.00","6.75","7.50","7.50","7.50","7.50",7.25
4,"ZHANG Dan / ZHANG Hao","CHN",14,123.06,65.42,58.64,-1,"ded",NA,NA,NA,NA,NA,NA,NA,NA,NA,NA,NA,NA,NA,NA,NA
5,"MUKHORTOVA Maria / TRANKOV Maxim","RUS",15,122.35,61.27,62.08,NA,"ee","3LzTw1",5,0,1.26,NA,"0.7","1.4","1.4","1.4","2","0.7","1.4","1.4","1.4",6.26
5,"MUKHORTOVA Maria / TRANKOV Maxim","RUS",15,122.35,61.27,62.08,NA,"ee","3S",4.5,0,-3,NA,"-3","-3","-3","-3","-2","-3","-2","-3","-3",1.5
5,"MUKHORTOVA Maria / TRANKOV Maxim","RUS",15,122.35,61.27,62.08,NA,"ee","3T+2T",5.3,0,-1.6,NA,"-2","-1","-1","-1","-2","-1","-2","-3","-3",3.7
5,"MUKHORTOVA Maria / TRANKOV Maxim","RUS",15,122.35,61.27,62.08,NA,"ee","5ALi4",6.5,0,2,NA,"2","2","2","2","2","1","2","2","2",8.5
5,"MUKHORTOVA Maria / TRANKOV Maxim","RUS",15,122.35,61.27,62.08,NA,"ee","3LoTh",5,0,1.4,NA,"1.4","1.4","1.4","1.4","1.4","1.4","1.4","1.4","1.4",6.4
5,"MUKHORTOVA Maria / TRANKOV Maxim","RUS",15,122.35,61.27,62.08,NA,"ee","SpSq4",3.4,0,1.4,NA,"2","2","1","1","2","1","1","1","2",4.8
5,"MUKHORTOVA Maria / TRANKOV Maxim","RUS",15,122.35,61.27,62.08,NA,"ee","3STh",4.95,1,0.56,NA,"0.7","0.7","0.7","0.7","0.7","0.7","0","0","0",5.51
5,"MUKHORTOVA Maria / TRANKOV Maxim","RUS",15,122.35,61.27,62.08,NA,"ee","FiDs3",3.2,0,0.7,NA,"0.7","0.7","0.7","0.7","1.4","0.7","0.7","0.7","0.7",3.9
5,"MUKHORTOVA Maria / TRANKOV Maxim","RUS",15,122.35,61.27,62.08,NA,"ee","FCCoSp3",3,0,0.5,NA,"0.5","0.5","0.5","0.5","1","0.5","0.5","0.5","1",3.5
5,"MUKHORTOVA Maria / TRANKOV Maxim","RUS",15,122.35,61.27,62.08,NA,"ee","PCoSp4",4.5,0,0.5,NA,"0.5","0.5","0.5","0.5","1","0.5","0.5","0.5","0.5",5
5,"MUKHORTOVA Maria / TRANKOV Maxim","RUS",15,122.35,61.27,62.08,NA,"ee","5TLi4",6.6,1,0.7,NA,"0.5","1","1","1","0.5","0.5","0.5","0.5","0.5",7.3
5,"MUKHORTOVA Maria / TRANKOV Maxim","RUS",15,122.35,61.27,62.08,NA,"ee","3Li4",4.4,1,0.5,NA,"0.5","0.5","0.5","0.5","0.5","0.5","0.5","0","0.5",4.9
5,"MUKHORTOVA Maria / TRANKOV Maxim","RUS",15,122.35,61.27,62.08,NA,"pc","Skating Skills",NA,NA,NA,1.6,"7.50","8.50","8.50","7.75","7.75","7.75","7.25","7.50","7.50",7.8
5,"MUKHORTOVA Maria / TRANKOV Maxim","RUS",15,122.35,61.27,62.08,NA,"pc","Transitions / Linking Footwork",NA,NA,NA,1.6,"7.50","8.00","8.00","7.50","7.50","7.50","6.75","6.75","7.25",7.55
5,"MUKHORTOVA Maria / TRANKOV Maxim","RUS",15,122.35,61.27,62.08,NA,"pc","Performance / Execution",NA,NA,NA,1.6,"8.00","8.25","8.00","8.00","7.75","7.50","7.25","7.00","7.50",7.8
5,"MUKHORTOVA Maria / TRANKOV Maxim","RUS",15,122.35,61.27,62.08,NA,"pc","Choreography / Composition",NA,NA,NA,1.6,"7.50","8.75","8.25","7.75","8.00","7.75","7.25","7.00","8.00",7.85
5,"MUKHORTOVA Maria / TRANKOV Maxim","RUS",15,122.35,61.27,62.08,NA,"pc","Interpretation",NA,NA,NA,1.6,"7.75","8.75","8.25","7.75","7.75","7.75","7.00","6.75","7.50",7.8
5,"MUKHORTOVA Maria / TRANKOV Maxim","RUS",15,122.35,61.27,62.08,-1,"ded",NA,NA,NA,NA,NA,NA,NA,NA,NA,NA,NA,NA,NA,NA,NA
6,"DUBE Jessica / DAVISON Bryce","CAN",16,121.75,60.99,61.76,NA,"ee","3LzTw1",5,0,0.56,NA,"1.4","0.7","0.7","0.7","0","0.7","0.7","0","0.7",5.56
6,"DUBE Jessica / DAVISON Bryce","CAN",16,121.75,60.99,61.76,NA,"ee","2A+2A+SEQ",5.6,0,1,NA,"2","1","1","1","0","1","1","1","2",6.6
6,"DUBE Jessica / DAVISON Bryce","CAN",16,121.75,60.99,61.76,NA,"ee","5ALi4",6.5,0,1.8,NA,"2","2","2","2","2","1","2","1","2",8.3
6,"DUBE Jessica / DAVISON Bryce","CAN",16,121.75,60.99,61.76,NA,"ee","3S",4.5,0,-3,NA,"-2","-3","-3","-2","-3","-3","-3","-3","-3",1.5
6,"DUBE Jessica / DAVISON Bryce","CAN",16,121.75,60.99,61.76,NA,"ee","FCCoSp3",3,0,-0.42,NA,"-0.3","-0.3","-0.3","0","-1","-0.3","-0.6","-0.3","-0.6",2.58
6,"DUBE Jessica / DAVISON Bryce","CAN",16,121.75,60.99,61.76,NA,"ee","BiDs3",3.2,0,0.7,NA,"1.4","0.7","0.7","0.7","0.7","0.7","0.7","0.7","1.4",3.9
6,"DUBE Jessica / DAVISON Bryce","CAN",16,121.75,60.99,61.76,NA,"ee","3LzTh",6.05,1,-1.4,NA,"-1.4","-1.4","-1.4","-1.4","-1.4","-1.4","-1.4","-1.4","-1.4",4.65
6,"DUBE Jessica / DAVISON Bryce","CAN",16,121.75,60.99,61.76,NA,"ee","5SLi4",6.6,1,0.6,NA,"0.5","0.5","0.5","0.5","1","0.5","1","0.5","0.5",7.2
6,"DUBE Jessica / DAVISON Bryce","CAN",16,121.75,60.99,61.76,NA,"ee","SpSq4",3.4,0,1,NA,"1","1","1","1","2","0","1","1","1",4.4
6,"DUBE Jessica / DAVISON Bryce","CAN",16,121.75,60.99,61.76,NA,"ee","3LoTh",5.5,1,0,NA,"0","0","0","0","-0.7","0","0","0","0.7",5.5
6,"DUBE Jessica / DAVISON Bryce","CAN",16,121.75,60.99,61.76,NA,"ee","3Li4",4.4,1,0.9,NA,"1","1","0.5","0.5","1","0.5","1","1","1",5.3
6,"DUBE Jessica / DAVISON Bryce","CAN",16,121.75,60.99,61.76,NA,"ee","PCoSp4",4.5,0,1,NA,"0.5","1","1","0.5","1","0","1","1","1",5.5
6,"DUBE Jessica / DAVISON Bryce","CAN",16,121.75,60.99,61.76,NA,"pc","Skating Skills",NA,NA,NA,1.6,"7.75","7.75","7.50","7.50","7.50","7.75","7.50","8.00","8.00",7.7
6,"DUBE Jessica / DAVISON Bryce","CAN",16,121.75,60.99,61.76,NA,"pc","Transitions / Linking Footwork",NA,NA,NA,1.6,"7.50","7.50","7.75","7.00","7.75","7.25","7.50","7.75","7.50",7.6
6,"DUBE Jessica / DAVISON Bryce","CAN",16,121.75,60.99,61.76,NA,"pc","Performance / Execution",NA,NA,NA,1.6,"8.00","7.75","8.00","7.50","7.25","7.50","7.75","7.75","7.75",7.7
6,"DUBE Jessica / DAVISON Bryce","CAN",16,121.75,60.99,61.76,NA,"pc","Choreography / Composition",NA,NA,NA,1.6,"7.75","8.00","7.75","7.25","8.00","7.50","7.75","7.75","8.00",7.85
6,"DUBE Jessica / DAVISON Bryce","CAN",16,121.75,60.99,61.76,NA,"pc","Interpretation",NA,NA,NA,1.6,"8.00","8.00","7.50","7.50","8.00","7.50","7.75","8.00","7.50",7.75
6,"DUBE Jessica / DAVISON Bryce","CAN",16,121.75,60.99,61.76,-1,"ded",NA,NA,NA,NA,NA,NA,NA,NA,NA,NA,NA,NA,NA,NA,NA
7,"KAVAGUTI Yuko / SMIRNOV Alexander","RUS",17,120.61,57.13,64.48,NA,"ee","3STh",4.5,0,-0.84,NA,"-0.7","-1.4","-1.4","-1.4","-0.7","-0.7","-0.7","-0.7","-1.4",3.66
7,"KAVAGUTI Yuko / SMIRNOV Alexander","RUS",17,120.61,57.13,64.48,NA,"ee","3T",4,0,1,NA,"2","0","1","1","1","0","1","1","2",5
7,"KAVAGUTI Yuko / SMIRNOV Alexander","RUS",17,120.61,57.13,64.48,NA,"ee","3LzTw1",5,0,0.98,NA,"2","1.4","0.7","0.7","1.4","0.7","0.7","1.4","1.4",5.98
7,"KAVAGUTI Yuko / SMIRNOV Alexander","RUS",17,120.61,57.13,64.48,NA,"ee","FCCoSp4",3.5,0,0.6,NA,"1","0.5","0","0.5","1","0.5","0.5","0.5","1",4.1
7,"KAVAGUTI Yuko / SMIRNOV Alexander","RUS",17,120.61,57.13,64.48,NA,"ee","SpSq4",3.4,0,2,NA,"3","2","2","2","2","2","2","1","2",5.4
7,"KAVAGUTI Yuko / SMIRNOV Alexander","RUS",17,120.61,57.13,64.48,NA,"ee","2A+SEQ",3.08,1,-1.6,NA,"-1.6","-0.8","-1.6","-1.6","-0.8","-1.6","-1.6","-1.6","-1.6",1.48
7,"KAVAGUTI Yuko / SMIRNOV Alexander","RUS",17,120.61,57.13,64.48,NA,"ee","3LoTh",5.5,1,-1.88,NA,"-2","-1.4","-2","-1.4","-2","-2","-2","-1.4","-2",3.62
7,"KAVAGUTI Yuko / SMIRNOV Alexander","RUS",17,120.61,57.13,64.48,NA,"ee","3Li4",4.4,1,0.7,NA,"1","1","0.5","0.5","1","0.5","1","0.5","1",5.1
7,"KAVAGUTI Yuko / SMIRNOV Alexander","RUS",17,120.61,57.13,64.48,NA,"ee","5ALi4",7.15,1,1.2,NA,"2","2","1","1","2","0","1","1","1",8.35
7,"KAVAGUTI Yuko / SMIRNOV Alexander","RUS",17,120.61,57.13,64.48,NA,"ee","5SLi4",6.6,1,0.7,NA,"1","1","1","0","1","0","0.5","1","1",7.3
7,"KAVAGUTI Yuko / SMIRNOV Alexander","RUS",17,120.61,57.13,64.48,NA,"ee","PCoSp1",3,0,0.5,NA,"1","0.5","0.5","0.5","0.5","0","0.5","0.5","0.5",3.5
7,"KAVAGUTI Yuko / SMIRNOV Alexander","RUS",17,120.61,57.13,64.48,NA,"ee","FiDs1",2.8,0,0.84,NA,"1.4","1.4","0.7","0.7","1.4","0","0.7","0.7","1.4",3.64
7,"KAVAGUTI Yuko / SMIRNOV Alexander","RUS",17,120.61,57.13,64.48,NA,"pc","Skating Skills",NA,NA,NA,1.6,"8.75","8.25","7.50","7.75","8.25","7.75","7.75","9.25","8.25",8.05
7,"KAVAGUTI Yuko / SMIRNOV Alexander","RUS",17,120.61,57.13,64.48,NA,"pc","Transitions / Linking Footwork",NA,NA,NA,1.6,"8.50","8.00","7.25","7.75","8.00","7.50","7.50","8.75","8.00",7.85
7,"KAVAGUTI Yuko / SMIRNOV Alexander","RUS",17,120.61,57.13,64.48,NA,"pc","Performance / Execution",NA,NA,NA,1.6,"8.75","8.00","7.00","7.50","8.50","8.00","7.50","8.75","8.25",8.05
7,"KAVAGUTI Yuko / SMIRNOV Alexander","RUS",17,120.61,57.13,64.48,NA,"pc","Choreography / Composition",NA,NA,NA,1.6,"8.75","8.25","8.00","7.50","8.50","7.50","7.75","9.25","8.50",8.1
7,"KAVAGUTI Yuko / SMIRNOV Alexander","RUS",17,120.61,57.13,64.48,NA,"pc","Interpretation",NA,NA,NA,1.6,"9.00","8.25","8.00","7.75","8.75","7.75","7.75","9.00","8.25",8.25
7,"KAVAGUTI Yuko / SMIRNOV Alexander","RUS",17,120.61,57.13,64.48,-1,"ded",NA,NA,NA,NA,NA,NA,NA,NA,NA,NA,NA,NA,NA,NA,NA
8,"VOLOSOZHAR Tatiana / MOROZOV Stanislav","UKR",11,119.64,64.64,56,NA,"ee","3T+3T+SEQ",6.4,0,-2,NA,"-2","-2","-2","-2","-2","-2","-2","-2","-3",4.4
8,"VOLOSOZHAR Tatiana / MOROZOV Stanislav","UKR",11,119.64,64.64,56,NA,"ee","3S",4.5,0,-1,NA,"-1","0","-1","-1","-2","-1","-1","-1","-1",3.5
8,"VOLOSOZHAR Tatiana / MOROZOV Stanislav","UKR",11,119.64,64.64,56,NA,"ee","3LoTh",5,0,1.4,NA,"1.4","1.4","1.4","1.4","2","1.4","1.4","1.4","1.4",6.4
8,"VOLOSOZHAR Tatiana / MOROZOV Stanislav","UKR",11,119.64,64.64,56,NA,"ee","3Li4",4,0,0.7,NA,"1","1","0.5","0.5","1","1","0.5","0.5","0.5",4.7
8,"VOLOSOZHAR Tatiana / MOROZOV Stanislav","UKR",11,119.64,64.64,56,NA,"ee","PCoSp4",4.5,0,0.5,NA,"0.5","1","0.5","0","0.5","0.5","0.5","1","0.5",5
8,"VOLOSOZHAR Tatiana / MOROZOV Stanislav","UKR",11,119.64,64.64,56,NA,"ee","SpSq4",3.4,0,0.4,NA,"1","1","0","0","0","0","1","1","0",3.8
8,"VOLOSOZHAR Tatiana / MOROZOV Stanislav","UKR",11,119.64,64.64,56,NA,"ee","3LzTw1",5.5,1,1.24,NA,"1.4","2","1.4","0.7","2","1.4","0.7","1.4","0",6.74
8,"VOLOSOZHAR Tatiana / MOROZOV Stanislav","UKR",11,119.64,64.64,56,NA,"ee","3STh",4.95,1,1.4,NA,"1.4","1.4","1.4","1.4","1.4","1.4","1.4","2","1.4",6.35
8,"VOLOSOZHAR Tatiana / MOROZOV Stanislav","UKR",11,119.64,64.64,56,NA,"ee","5ALi4",7.15,1,1.4,NA,"1","2","2","1","1","1","1","2","2",8.55
8,"VOLOSOZHAR Tatiana / MOROZOV Stanislav","UKR",11,119.64,64.64,56,NA,"ee","FCCoSp4",3.5,0,0.2,NA,"0.5","0.5","0","0","0.5","0","0","0.5","0",3.7
8,"VOLOSOZHAR Tatiana / MOROZOV Stanislav","UKR",11,119.64,64.64,56,NA,"ee","5TLi4",6.6,1,0.7,NA,"1","1","0.5","0.5","0.5","0.5","0.5","0.5","1",7.3
8,"VOLOSOZHAR Tatiana / MOROZOV Stanislav","UKR",11,119.64,64.64,56,NA,"ee","BoDs2",3.5,0,0.7,NA,"0.7","0.7","0.7","0.7","0.7","0.7","0.7","0.7","0.7",4.2
8,"VOLOSOZHAR Tatiana / MOROZOV Stanislav","UKR",11,119.64,64.64,56,NA,"pc","Skating Skills",NA,NA,NA,1.6,"7.75","7.75","6.75","7.25","6.50","7.25","7.25","7.00","6.75",7.15
8,"VOLOSOZHAR Tatiana / MOROZOV Stanislav","UKR",11,119.64,64.64,56,NA,"pc","Transitions / Linking Footwork",NA,NA,NA,1.6,"7.25","7.50","6.25","6.75","6.50","6.75","6.75","6.50","6.50",6.75
8,"VOLOSOZHAR Tatiana / MOROZOV Stanislav","UKR",11,119.64,64.64,56,NA,"pc","Performance / Execution",NA,NA,NA,1.6,"8.00","7.75","6.50","7.00","7.00","7.25","7.00","6.75","6.25",7.05
8,"VOLOSOZHAR Tatiana / MOROZOV Stanislav","UKR",11,119.64,64.64,56,NA,"pc","Choreography / Composition",NA,NA,NA,1.6,"7.75","8.00","6.50","7.25","6.50","7.00","7.00","6.50","6.75",7.05
8,"VOLOSOZHAR Tatiana / MOROZOV Stanislav","UKR",11,119.64,64.64,56,NA,"pc","Interpretation",NA,NA,NA,1.6,"8.00","8.00","6.50","7.00","6.25","7.25","7.00","6.50","6.50",7
8,"VOLOSOZHAR Tatiana / MOROZOV Stanislav","UKR",11,119.64,64.64,56,-1,"ded",NA,NA,NA,NA,NA,NA,NA,NA,NA,NA,NA,NA,NA,NA,NA
9,"LANGLOIS Anabelle / HAY Cody","CAN",13,115.77,60.45,56.32,NA,"ee","2FTw3",4,0,0.8,NA,"1","0.5","1","0.5","1","0.5","1","1","1",4.8
9,"LANGLOIS Anabelle / HAY Cody","CAN",13,115.77,60.45,56.32,NA,"ee","3S",4.5,0,-3,NA,"-2","-3","-3","-3","-2","-3","-3","-3","-3",1.5
9,"LANGLOIS Anabelle / HAY Cody","CAN",13,115.77,60.45,56.32,NA,"ee","5ALi4",6.5,0,1.4,NA,"1","2","2","1","2","1","1","2","1",7.9
9,"LANGLOIS Anabelle / HAY Cody","CAN",13,115.77,60.45,56.32,NA,"ee","3STh",4.5,0,1.26,NA,"1.4","1.4","1.4","0.7","1.4","1.4","1.4","1.4","0.7",5.76
9,"LANGLOIS Anabelle / HAY Cody","CAN",13,115.77,60.45,56.32,NA,"ee","3T+2T",5.3,0,0,NA,"-1","0","0","0","0","-1","0","0","0",5.3
9,"LANGLOIS Anabelle / HAY Cody","CAN",13,115.77,60.45,56.32,NA,"ee","FCCoSp4",3.5,0,-0.06,NA,"0","0.5","0","-0.3","0.5","-0.3","0","0","0",3.44
9,"LANGLOIS Anabelle / HAY Cody","CAN",13,115.77,60.45,56.32,NA,"ee","PCoSp4",4.5,0,0.5,NA,"0.5","0.5","0.5","0","0.5","1","0.5","0.5","0.5",5
9,"LANGLOIS Anabelle / HAY Cody","CAN",13,115.77,60.45,56.32,NA,"ee","5RLi3",6.6,1,1.4,NA,"1","2","3","1","2","2","1","1","1",8
9,"LANGLOIS Anabelle / HAY Cody","CAN",13,115.77,60.45,56.32,NA,"ee","SpSq4",3.4,0,0.8,NA,"1","1","0","0","1","1","1","1","1",4.2
9,"LANGLOIS Anabelle / HAY Cody","CAN",13,115.77,60.45,56.32,NA,"ee","3LzTh",6.05,1,-1.4,NA,"-1.4","-1.4","-0.7","-1.4","-1.4","-1.4","-1.4","-1.4","-1.4",4.65
9,"LANGLOIS Anabelle / HAY Cody","CAN",13,115.77,60.45,56.32,NA,"ee","4Li4",4.4,1,0.8,NA,"0.5","1","1","0","1","1","0.5","1","0.5",5.2
9,"LANGLOIS Anabelle / HAY Cody","CAN",13,115.77,60.45,56.32,NA,"ee","BoDs3",4,0,0.7,NA,"0.7","0.7","0.7","0","0.7","0.7","0.7","0.7","0.7",4.7
9,"LANGLOIS Anabelle / HAY Cody","CAN",13,115.77,60.45,56.32,NA,"pc","Skating Skills",NA,NA,NA,1.6,"7.50","7.50","7.50","6.75","7.50","6.50","6.75","7.50","7.00",7.1
9,"LANGLOIS Anabelle / HAY Cody","CAN",13,115.77,60.45,56.32,NA,"pc","Transitions / Linking Footwork",NA,NA,NA,1.6,"7.00","7.25","7.25","6.25","7.25","6.25","6.50","7.50","6.75",6.8
9,"LANGLOIS Anabelle / HAY Cody","CAN",13,115.77,60.45,56.32,NA,"pc","Performance / Execution",NA,NA,NA,1.6,"7.25","7.50","7.50","6.25","7.25","6.50","6.75","7.75","7.00",7.05
9,"LANGLOIS Anabelle / HAY Cody","CAN",13,115.77,60.45,56.32,NA,"pc","Choreography / Composition",NA,NA,NA,1.6,"7.50","7.75","7.50","6.50","7.50","6.75","6.50","7.25","7.50",7.1
9,"LANGLOIS Anabelle / HAY Cody","CAN",13,115.77,60.45,56.32,NA,"pc","Interpretation",NA,NA,NA,1.6,"7.50","7.75","7.50","6.25","7.25","6.75","6.50","7.50","7.50",7.15
9,"LANGLOIS Anabelle / HAY Cody","CAN",13,115.77,60.45,56.32,-1,"ded",NA,NA,NA,NA,NA,NA,NA,NA,NA,NA,NA,NA,NA,NA,NA
10," EVORA Amanda / LADWIG Mark","USA",9,114.06,62.06,52,NA,"ee","3LzTw1",5,0,0.7,NA,"0.7","1.4","0.7","0.7","0.7","0.7","0","0.7","0.7",5.7
10," EVORA Amanda / LADWIG Mark","USA",9,114.06,62.06,52,NA,"ee","2T+2T+SEQ",2.08,0,-0.6,NA,"-0.6","-0.6","-1","-0.6","-0.6","-0.6","-0.6","-0.6","0",1.48
10," EVORA Amanda / LADWIG Mark","USA",9,114.06,62.06,52,NA,"ee","3LzTh",5.5,0,0.42,NA,"0.7","0.7","0","0","0.7","0.7","0","0","0.7",5.92
10," EVORA Amanda / LADWIG Mark","USA",9,114.06,62.06,52,NA,"ee","CCoSp3",3,0,0.2,NA,"0.5","1","0","0.5","0","0","0.5","0.5","0",3.2
10," EVORA Amanda / LADWIG Mark","USA",9,114.06,62.06,52,NA,"ee","SpSq4",3.4,0,1,NA,"1","2","1","1","1","0","1","1","1",4.4
10," EVORA Amanda / LADWIG Mark","USA",9,114.06,62.06,52,NA,"ee","2A",3.5,0,-1.12,NA,"-1.6","-1.6","-0.8","-0.8","-1.6","-1.6","-0.8","-0.8","-0.8",2.38
10," EVORA Amanda / LADWIG Mark","USA",9,114.06,62.06,52,NA,"ee","3Li4",4.4,1,0.6,NA,"0.5","1","0.5","0.5","0.5","0.5","0.5","0.5","1",5
10," EVORA Amanda / LADWIG Mark","USA",9,114.06,62.06,52,NA,"ee","3LoTh",5.5,1,1.12,NA,"1.4","1.4","1.4","0.7","1.4","0.7","0.7","0.7","1.4",6.62
10," EVORA Amanda / LADWIG Mark","USA",9,114.06,62.06,52,NA,"ee","5RLi4",7.15,1,2,NA,"2","2","2","2","2","1","2","1","2",9.15
10," EVORA Amanda / LADWIG Mark","USA",9,114.06,62.06,52,NA,"ee","BoDs4",4.5,0,0.56,NA,"0.7","0.7","0.7","0.7","0","0","0.7","0.7","0.7",5.06
10," EVORA Amanda / LADWIG Mark","USA",9,114.06,62.06,52,NA,"ee","PCoSp4",4.5,0,0.3,NA,"0","0.5","0","0.5","0","0","0.5","0.5","0.5",4.8
10," EVORA Amanda / LADWIG Mark","USA",9,114.06,62.06,52,NA,"ee","5ALi4",7.15,1,1.2,NA,"1","2","1","1","2","1","1","1","1",8.35
10," EVORA Amanda / LADWIG Mark","USA",9,114.06,62.06,52,NA,"pc","Skating Skills",NA,NA,NA,1.6,"6.75","6.25","6.75","6.50","6.25","6.25","6.50","7.00","7.25",6.45
10," EVORA Amanda / LADWIG Mark","USA",9,114.06,62.06,52,NA,"pc","Transitions / Linking Footwork",NA,NA,NA,1.6,"6.00","6.25","6.75","6.00","6.75","6.00","6.50","6.25","7.00",6.45
10," EVORA Amanda / LADWIG Mark","USA",9,114.06,62.06,52,NA,"pc","Performance / Execution",NA,NA,NA,1.6,"6.50","6.75","6.75","6.50","6.75","6.00","6.50","6.75","7.25",6.65
10," EVORA Amanda / LADWIG Mark","USA",9,114.06,62.06,52,NA,"pc","Choreography / Composition",NA,NA,NA,1.6,"6.50","6.50","6.50","6.00","6.50","6.25","6.50","7.00","7.25",6.45
10," EVORA Amanda / LADWIG Mark","USA",9,114.06,62.06,52,NA,"pc","Interpretation",NA,NA,NA,1.6,"6.50","6.50","6.50","6.25","6.75","6.00","6.50","6.75","7.00",6.5
10," EVORA Amanda / LADWIG Mark","USA",9,114.06,62.06,52,0,"ded",NA,NA,NA,NA,NA,NA,NA,NA,NA,NA,NA,NA,NA,NA,NA
11," BAZAROVA Vera / LARIONOV Yuri","RUS",10,106.96,57.72,50.24,NA,"ee","3T",4,0,-1.4,NA,"-2","-1","-1","-2","-3","-1","-2","-2","-1",2.6
11," BAZAROVA Vera / LARIONOV Yuri","RUS",10,106.96,57.72,50.24,NA,"ee","3LzTw1",5,0,0.98,NA,"0.7","0.7","0.7","0.7","1.4","1.4","0.7","1.4","0.7",5.98
11," BAZAROVA Vera / LARIONOV Yuri","RUS",10,106.96,57.72,50.24,NA,"ee","3FTh",5.5,0,-0.28,NA,"-0.7","-0.7","0","0","0","-0.7","-1.4","0","0",5.22
11," BAZAROVA Vera / LARIONOV Yuri","RUS",10,106.96,57.72,50.24,NA,"ee","2A+2A+SEQ",5.6,0,-0.64,NA,"-0.8","0","0","-0.8","-1.6","0","-1.6","-1.6","0",4.96
11," BAZAROVA Vera / LARIONOV Yuri","RUS",10,106.96,57.72,50.24,NA,"ee","5SLi4",6,0,0.8,NA,"0.5","0.5","1","0.5","0.5","1","1","1","0.5",6.8
11," BAZAROVA Vera / LARIONOV Yuri","RUS",10,106.96,57.72,50.24,NA,"ee","FCCoSp4",3.5,0,0.2,NA,"1","0.5","0","0.5","0","0.5","1","-0.3","0",3.7
11," BAZAROVA Vera / LARIONOV Yuri","RUS",10,106.96,57.72,50.24,NA,"ee","5TLi4",6.6,1,0.5,NA,"0.5","0.5","1","0.5","0.5","0.5","0.5","0.5","0.5",7.1
11," BAZAROVA Vera / LARIONOV Yuri","RUS",10,106.96,57.72,50.24,NA,"ee","3LoTh",5.5,1,-2,NA,"-2","-2","-2","-2","-2","-2","-2","-2","-2",3.5
11," BAZAROVA Vera / LARIONOV Yuri","RUS",10,106.96,57.72,50.24,NA,"ee","BiDs3",3.2,0,0.56,NA,"1.4","0","0.7","0.7","0.7","0.7","1.4","0.7","0",3.76
11," BAZAROVA Vera / LARIONOV Yuri","RUS",10,106.96,57.72,50.24,NA,"ee","3Li4",4.4,1,0.6,NA,"0.5","0.5","0.5","0.5","1","0.5","0.5","1","0.5",5
11," BAZAROVA Vera / LARIONOV Yuri","RUS",10,106.96,57.72,50.24,NA,"ee","SpSq4",3.4,0,0.8,NA,"1","1","2","0","1","1","1","0","0",4.2
11," BAZAROVA Vera / LARIONOV Yuri","RUS",10,106.96,57.72,50.24,NA,"ee","PCoSp4",4.5,0,0.4,NA,"0.5","0.5","0.5","0.5","0.5","0.5","0.5","0","0",4.9
11," BAZAROVA Vera / LARIONOV Yuri","RUS",10,106.96,57.72,50.24,NA,"pc","Skating Skills",NA,NA,NA,1.6,"6.50","6.75","6.75","6.25","5.50","6.75","5.25","6.25","6.75",6.4
11," BAZAROVA Vera / LARIONOV Yuri","RUS",10,106.96,57.72,50.24,NA,"pc","Transitions / Linking Footwork",NA,NA,NA,1.6,"6.25","6.50","6.50","6.00","5.00","6.00","5.75","6.00","6.25",6.1
11," BAZAROVA Vera / LARIONOV Yuri","RUS",10,106.96,57.72,50.24,NA,"pc","Performance / Execution",NA,NA,NA,1.6,"6.50","6.50","7.00","5.75","5.25","6.50","5.25","6.25","6.50",6.2
11," BAZAROVA Vera / LARIONOV Yuri","RUS",10,106.96,57.72,50.24,NA,"pc","Choreography / Composition",NA,NA,NA,1.6,"6.75","6.50","7.00","6.00","5.50","6.50","6.00","6.25","6.75",6.4
11," BAZAROVA Vera / LARIONOV Yuri","RUS",10,106.96,57.72,50.24,NA,"pc","Interpretation",NA,NA,NA,1.6,"6.25","6.50","6.75","6.00","5.00","6.75","5.75","6.00","6.50",6.3
11," BAZAROVA Vera / LARIONOV Yuri","RUS",10,106.96,57.72,50.24,-1,"ded",NA,NA,NA,NA,NA,NA,NA,NA,NA,NA,NA,NA,NA,NA,NA
12," DENNEY Caydee / BARRETT Jeremy","USA",8,105.07,56.27,48.8,NA,"ee","3LzTw1",5,0,0.7,NA,"0.7","0.7","1.4","0.7","0.7","0.7","0","0.7","0.7",5.7
12," DENNEY Caydee / BARRETT Jeremy","USA",8,105.07,56.27,48.8,NA,"ee","3T<",1.3,0,0.1,NA,"0","0.5","0.5","0","-0.3","1","0","-0.3","0",1.4
12," DENNEY Caydee / BARRETT Jeremy","USA",8,105.07,56.27,48.8,NA,"ee","3LzTh",5.5,0,0.84,NA,"0.7","1.4","0.7","1.4","0.7","1.4","0.7","0.7","0.7",6.34
12," DENNEY Caydee / BARRETT Jeremy","USA",8,105.07,56.27,48.8,NA,"ee","1A+2A+SEQ",3.44,0,-1.78,NA,"-2.5","-2.5","-0.8","-1.6","-1.6","0","-1.6","-1.6","-1.6",1.66
12," DENNEY Caydee / BARRETT Jeremy","USA",8,105.07,56.27,48.8,NA,"ee","FiDs2",3,0,0.7,NA,"0.7","0.7","0.7","0.7","0.7","0.7","0.7","0.7","0",3.7
12," DENNEY Caydee / BARRETT Jeremy","USA",8,105.07,56.27,48.8,NA,"ee","FCCoSp3",3,0,0.04,NA,"0","0.5","0","0.5","0.5","0.5","-0.3","0","-0.3",3.04
12," DENNEY Caydee / BARRETT Jeremy","USA",8,105.07,56.27,48.8,NA,"ee","5ALi4",7.15,1,0.4,NA,"1","0","1","1","1","1","0","0","0",7.55
12," DENNEY Caydee / BARRETT Jeremy","USA",8,105.07,56.27,48.8,NA,"ee","SpSq4",3.4,0,0.8,NA,"1","0","1","1","1","1","1","1","0",4.2
12," DENNEY Caydee / BARRETT Jeremy","USA",8,105.07,56.27,48.8,NA,"ee","3LoTh",5.5,1,0.98,NA,"1.4","1.4","0.7","1.4","0.7","1.4","0.7","0.7","0.7",6.48
12," DENNEY Caydee / BARRETT Jeremy","USA",8,105.07,56.27,48.8,NA,"ee","3Li4",4.4,1,0.1,NA,"0","0","0.5","1","0.5","0.5","0","0","0",4.5
12," DENNEY Caydee / BARRETT Jeremy","USA",8,105.07,56.27,48.8,NA,"ee","5SLi4",6.6,1,0.1,NA,"0","0","0.5","1","0","0","-0.5","0","0",6.7
12," DENNEY Caydee / BARRETT Jeremy","USA",8,105.07,56.27,48.8,NA,"ee","PCoSp4",4.5,0,0.5,NA,"0.5","0.5","0.5","1","0.5","1","0.5","0.5","0",5
12," DENNEY Caydee / BARRETT Jeremy","USA",8,105.07,56.27,48.8,NA,"pc","Skating Skills",NA,NA,NA,1.6,"6.00","6.25","7.25","6.25","6.25","6.50","6.25","6.25","6.00",6.2
12," DENNEY Caydee / BARRETT Jeremy","USA",8,105.07,56.27,48.8,NA,"pc","Transitions / Linking Footwork",NA,NA,NA,1.6,"6.00","5.75","7.00","6.00","6.00","6.00","6.00","5.50","5.50",5.85
12," DENNEY Caydee / BARRETT Jeremy","USA",8,105.07,56.27,48.8,NA,"pc","Performance / Execution",NA,NA,NA,1.6,"6.50","6.25","7.50","6.50","6.25","6.50","6.00","6.00","5.75",6.25
12," DENNEY Caydee / BARRETT Jeremy","USA",8,105.07,56.27,48.8,NA,"pc","Choreography / Composition",NA,NA,NA,1.6,"6.25","6.00","7.25","6.50","6.00","6.25","6.25","5.75","5.75",6.15
12," DENNEY Caydee / BARRETT Jeremy","USA",8,105.07,56.27,48.8,NA,"pc","Interpretation",NA,NA,NA,1.6,"6.00","6.00","7.25","6.25","6.00","6.50","6.25","5.75","5.75",6.05
12," DENNEY Caydee / BARRETT Jeremy","USA",8,105.07,56.27,48.8,0,"ded",NA,NA,NA,NA,NA,NA,NA,NA,NA,NA,NA,NA,NA,NA,NA
13," DELLA MONICA Nicole / KOCON Yannick","ITA",12,104.78,54.34,51.44,NA,"ee","3S<",1.3,0,-1,NA,"-1","-1","-1","-1","-1","-1","-0.6","-1","-1",0.3
13," DELLA MONICA Nicole / KOCON Yannick","ITA",12,104.78,54.34,51.44,NA,"ee","4Li4",4,0,0.4,NA,"0.5","0.5","0","0.5","0.5","0.5","-0.5","0.5","0",4.4
13," DELLA MONICA Nicole / KOCON Yannick","ITA",12,104.78,54.34,51.44,NA,"ee","3STh",4.5,0,0.28,NA,"0","0","0","0.7","0.7","0.7","0","0.7","0",4.78
13," DELLA MONICA Nicole / KOCON Yannick","ITA",12,104.78,54.34,51.44,NA,"ee","FCoSp4",3,0,0.8,NA,"1","1","0.5","0.5","1","1","0.5","0.5","0",3.8
13," DELLA MONICA Nicole / KOCON Yannick","ITA",12,104.78,54.34,51.44,NA,"ee","2A+2A+SEQ",5.6,0,1,NA,"1","1","1","2","1","1","1","2","1",6.6
13," DELLA MONICA Nicole / KOCON Yannick","ITA",12,104.78,54.34,51.44,NA,"ee","SpSq4",3.4,0,1.4,NA,"1","1","2","1","2","1","1","2","0",4.8
13," DELLA MONICA Nicole / KOCON Yannick","ITA",12,104.78,54.34,51.44,NA,"ee","5ALi2",6.05,1,-0.28,NA,"0","-0.7","-0.7","0","0","0","-0.7","-0.7","0",5.77
13," DELLA MONICA Nicole / KOCON Yannick","ITA",12,104.78,54.34,51.44,NA,"ee","3LoTh",5.5,1,0.28,NA,"0.7","0","0","0.7","0.7","0","0","0.7","0",5.78
13," DELLA MONICA Nicole / KOCON Yannick","ITA",12,104.78,54.34,51.44,NA,"ee","BoDs2",3.5,0,0.42,NA,"0.7","0","0","0.7","0.7","0.7","0","0.7","0",3.92
13," DELLA MONICA Nicole / KOCON Yannick","ITA",12,104.78,54.34,51.44,NA,"ee","2LzTw1",3.3,1,-0.06,NA,"0","0","-0.3","0.5","-0.3","0","0","0","0",3.24
13," DELLA MONICA Nicole / KOCON Yannick","ITA",12,104.78,54.34,51.44,NA,"ee","5SLi3",6.05,1,0,NA,"0","0","-0.5","0","0","0","-0.5","0.5","0",6.05
13," DELLA MONICA Nicole / KOCON Yannick","ITA",12,104.78,54.34,51.44,NA,"ee","PCoSp4",4.5,0,0.4,NA,"0.5","0","0.5","0.5","0.5","0.5","0","0.5","0",4.9
13," DELLA MONICA Nicole / KOCON Yannick","ITA",12,104.78,54.34,51.44,NA,"pc","Skating Skills",NA,NA,NA,1.6,"7.00","6.75","6.00","6.75","6.50","6.50","6.25","7.00","6.50",6.65
13," DELLA MONICA Nicole / KOCON Yannick","ITA",12,104.78,54.34,51.44,NA,"pc","Transitions / Linking Footwork",NA,NA,NA,1.6,"6.25","6.50","5.50","6.25","6.50","6.25","5.75","6.75","6.00",6.3
13," DELLA MONICA Nicole / KOCON Yannick","ITA",12,104.78,54.34,51.44,NA,"pc","Performance / Execution",NA,NA,NA,1.6,"6.50","6.50","6.00","6.50","6.25","6.25","5.75","7.00","6.25",6.35
13," DELLA MONICA Nicole / KOCON Yannick","ITA",12,104.78,54.34,51.44,NA,"pc","Choreography / Composition",NA,NA,NA,1.6,"6.75","6.75","5.75","6.50","6.75","6.25","6.00","7.25","6.25",6.55
13," DELLA MONICA Nicole / KOCON Yannick","ITA",12,104.78,54.34,51.44,NA,"pc","Interpretation",NA,NA,NA,1.6,"6.50","6.50","6.00","6.25","6.25","6.25","5.75","7.00","6.00",6.3
13," DELLA MONICA Nicole / KOCON Yannick","ITA",12,104.78,54.34,51.44,-1,"ded",NA,NA,NA,NA,NA,NA,NA,NA,NA,NA,NA,NA,NA,NA,NA
14," JAMES Vanessa / BONHEUR Yannick","FRA",6,93.94,48.34,45.6,NA,"ee","2S",1.3,0,-0.48,NA,"-0.6","-0.6","-0.6","-0.6","-0.6","-0.6","0","-0.6","0",0.82
14," JAMES Vanessa / BONHEUR Yannick","FRA",6,93.94,48.34,45.6,NA,"ee","3LzTw1",5,0,-0.84,NA,"0","-1.4","0","-2","-0.7","-1.4","0","-0.7","0.7",4.16
14," JAMES Vanessa / BONHEUR Yannick","FRA",6,93.94,48.34,45.6,NA,"ee","5ALi3",6,0,0.4,NA,"0","0","1","0","0","1","1","0","1",6.4
14," JAMES Vanessa / BONHEUR Yannick","FRA",6,93.94,48.34,45.6,NA,"ee","3STh",4.5,0,0.98,NA,"1.4","1.4","1.4","0.7","0.7","1.4","0.7","1.4","0.7",5.48
14," JAMES Vanessa / BONHEUR Yannick","FRA",6,93.94,48.34,45.6,NA,"ee","FCCoSp4",3.5,0,0.1,NA,"0.5","0","0.5","-0.3","0.5","0.5","0","0","0",3.6
14," JAMES Vanessa / BONHEUR Yannick","FRA",6,93.94,48.34,45.6,NA,"ee","FiDs3",3.2,0,0.56,NA,"1.4","0.7","0.7","0.7","0.7","0","0.7","0","0.7",3.76
14," JAMES Vanessa / BONHEUR Yannick","FRA",6,93.94,48.34,45.6,NA,"ee","2A+1A+SEQ",3.78,1,-1.6,NA,"-1.6","-1.6","-1.6","-1.6","-1.6","-1.6","-0.8","-1.6","-1.6",2.18
14," JAMES Vanessa / BONHEUR Yannick","FRA",6,93.94,48.34,45.6,NA,"ee","SpSq3",3.1,0,0.4,NA,"0","1","0.5","0","1","0.5","0.5","0","0",3.5
14," JAMES Vanessa / BONHEUR Yannick","FRA",6,93.94,48.34,45.6,NA,"ee","5SLi3",6.05,1,0.4,NA,"0.5","0.5","0.5","0","0.5","0.5","1","0.5","0",6.45
14," JAMES Vanessa / BONHEUR Yannick","FRA",6,93.94,48.34,45.6,NA,"ee","3FTh",6.05,1,0.84,NA,"1.4","0.7","1.4","0.7","1.4","1.4","0.7","0.7","0.7",6.89
14," JAMES Vanessa / BONHEUR Yannick","FRA",6,93.94,48.34,45.6,NA,"ee","PSp1*",0,0,0,NA,"0","0","0","0","0","0","0","0","0",0
14," JAMES Vanessa / BONHEUR Yannick","FRA",6,93.94,48.34,45.6,NA,"ee","4Li4",4.4,1,0.7,NA,"1","0.5","0.5","0.5","1","1","1","-0.5","0.5",5.1
14," JAMES Vanessa / BONHEUR Yannick","FRA",6,93.94,48.34,45.6,NA,"pc","Skating Skills",NA,NA,NA,1.6,"6.00","6.00","6.00","5.75","6.00","5.50","6.50","5.75","6.00",5.9
14," JAMES Vanessa / BONHEUR Yannick","FRA",6,93.94,48.34,45.6,NA,"pc","Transitions / Linking Footwork",NA,NA,NA,1.6,"5.75","5.50","5.50","4.25","5.50","5.25","6.25","5.50","5.50",5.45
14," JAMES Vanessa / BONHEUR Yannick","FRA",6,93.94,48.34,45.6,NA,"pc","Performance / Execution",NA,NA,NA,1.6,"6.00","6.00","6.00","5.00","6.50","5.25","6.75","5.50","5.50",5.75
14," JAMES Vanessa / BONHEUR Yannick","FRA",6,93.94,48.34,45.6,NA,"pc","Choreography / Composition",NA,NA,NA,1.6,"6.00","5.50","6.00","5.00","6.25","5.75","6.50","5.50","5.75",5.75
14," JAMES Vanessa / BONHEUR Yannick","FRA",6,93.94,48.34,45.6,NA,"pc","Interpretation",NA,NA,NA,1.6,"6.00","5.50","5.75","4.75","6.75","5.25","6.50","5.50","5.50",5.65
14," JAMES Vanessa / BONHEUR Yannick","FRA",6,93.94,48.34,45.6,0,"ded",NA,NA,NA,NA,NA,NA,NA,NA,NA,NA,NA,NA,NA,NA,NA
15," HAUSCH Maylin / WENDE Daniel","GER",1,93.28,51.08,43.2,NA,"ee","2LzTw4",4.5,0,0.2,NA,"0.5","0.5","0.5","0.5","0","0","0","0","0.5",4.7
15," HAUSCH Maylin / WENDE Daniel","GER",1,93.28,51.08,43.2,NA,"ee","3STh",4.5,0,0.7,NA,"0.7","0.7","0.7","0.7","0.7","0.7","0.7","0","0.7",5.2
15," HAUSCH Maylin / WENDE Daniel","GER",1,93.28,51.08,43.2,NA,"ee","3T",4,0,-3,NA,"-3","-3","-3","-3","-3","-3","-3","-3","-3",1
15," HAUSCH Maylin / WENDE Daniel","GER",1,93.28,51.08,43.2,NA,"ee","3FTh",5.5,0,0.14,NA,"0","0.7","0.7","0.7","0.7","0","0","0","0",5.64
15," HAUSCH Maylin / WENDE Daniel","GER",1,93.28,51.08,43.2,NA,"ee","5ALi4",6.5,0,1,NA,"1","1","1","2","1","1","2","1","0",7.5
15," HAUSCH Maylin / WENDE Daniel","GER",1,93.28,51.08,43.2,NA,"ee","2S+SEQ",1.04,0,-0.18,NA,"-0.3","0","0","-0.3","-0.6","-0.3","0","0","-0.3",0.86
15," HAUSCH Maylin / WENDE Daniel","GER",1,93.28,51.08,43.2,NA,"ee","3Li4",4,0,0.5,NA,"1","0","0.5","0.5","0.5","0.5","0.5","0.5","0",4.5
15," HAUSCH Maylin / WENDE Daniel","GER",1,93.28,51.08,43.2,NA,"ee","SpSq4",3.4,0,0.8,NA,"1","1","2","1","1","1","1","0","0",4.2
15," HAUSCH Maylin / WENDE Daniel","GER",1,93.28,51.08,43.2,NA,"ee","FCCoSp3",3,0,-0.18,NA,"-0.3","0","0","0","0","-0.3","-0.6","0","-0.3",2.82
15," HAUSCH Maylin / WENDE Daniel","GER",1,93.28,51.08,43.2,NA,"ee","5SLi4",6.6,1,0.5,NA,"0.5","0.5","1","0.5","0.5","0.5","0.5","0.5","0",7.1
15," HAUSCH Maylin / WENDE Daniel","GER",1,93.28,51.08,43.2,NA,"ee","BoDs1",3,0,0.56,NA,"0.7","0.7","0.7","0.7","0.7","0","0.7","0.7","0",3.56
15," HAUSCH Maylin / WENDE Daniel","GER",1,93.28,51.08,43.2,NA,"ee","PCoSp3",4,0,0,NA,"0","0","0","0.5","0","0","0","0","0",4
15," HAUSCH Maylin / WENDE Daniel","GER",1,93.28,51.08,43.2,NA,"pc","Skating Skills",NA,NA,NA,1.6,"4.75","5.75","6.25","5.75","5.75","5.25","5.50","5.50","5.50",5.5
15," HAUSCH Maylin / WENDE Daniel","GER",1,93.28,51.08,43.2,NA,"pc","Transitions / Linking Footwork",NA,NA,NA,1.6,"5.50","5.25","5.25","5.25","5.50","4.75","5.00","5.25","5.00",5.2
15," HAUSCH Maylin / WENDE Daniel","GER",1,93.28,51.08,43.2,NA,"pc","Performance / Execution",NA,NA,NA,1.6,"5.75","5.50","6.00","5.50","6.00","5.25","5.50","5.50","5.25",5.6
15," HAUSCH Maylin / WENDE Daniel","GER",1,93.28,51.08,43.2,NA,"pc","Choreography / Composition",NA,NA,NA,1.6,"5.25","5.50","6.00","5.50","5.25","5.50","5.25","5.50","5.25",5.35
15," HAUSCH Maylin / WENDE Daniel","GER",1,93.28,51.08,43.2,NA,"pc","Interpretation",NA,NA,NA,1.6,"5.25","5.50","5.75","5.25","5.75","5.25","5.25","5.25","5.25",5.35
15," HAUSCH Maylin / WENDE Daniel","GER",1,93.28,51.08,43.2,-1,"ded",NA,NA,NA,NA,NA,NA,NA,NA,NA,NA,NA,NA,NA,NA,NA
16," KEMP Stacey / KING David","GBR",5,91.66,49.9,41.76,NA,"ee","2LzTw2",3.5,0,0,NA,"0","0","0","0","0.5","0.5","0","0","0.5",3.5
16," KEMP Stacey / KING David","GBR",5,91.66,49.9,41.76,NA,"ee","2F",1.7,0,-0.3,NA,"-0.3","-0.3","-0.3","-0.3","-0.3","-0.3","-0.6","-0.3","-0.3",1.4
16," KEMP Stacey / KING David","GBR",5,91.66,49.9,41.76,NA,"ee","5ALi4",6.5,0,0.6,NA,"1","0","0","0","0","1","1","1","1",7.1
16," KEMP Stacey / KING David","GBR",5,91.66,49.9,41.76,NA,"ee","3TTh",4.5,0,0.56,NA,"1.4","0.7","0.7","0.7","0.7","0.7","0.7","0","0",5.06
16," KEMP Stacey / KING David","GBR",5,91.66,49.9,41.76,NA,"ee","PCoSp4",4.5,0,0.2,NA,"0.5","0","0","0","0","0.5","0","0.5","0.5",4.7
16," KEMP Stacey / KING David","GBR",5,91.66,49.9,41.76,NA,"ee","FCCoSp4",3.5,0,-0.18,NA,"-0.3","-0.3","-0.3","0","-0.3","0","0","-0.3","0.5",3.32
16," KEMP Stacey / KING David","GBR",5,91.66,49.9,41.76,NA,"ee","2F+2T+SEQ",2.64,1,-0.68,NA,"-0.3","-1","-0.6","-0.6","-0.6","-1","-1","-0.6","-0.6",1.96
16," KEMP Stacey / KING David","GBR",5,91.66,49.9,41.76,NA,"ee","SpSq4",3.4,0,0.2,NA,"0","0","0","0","-0.7","1","0","1","1",3.6
16," KEMP Stacey / KING David","GBR",5,91.66,49.9,41.76,NA,"ee","3Li4",4.4,1,0.1,NA,"0","0","0","0.5","0","0.5","0","0","0.5",4.5
16," KEMP Stacey / KING David","GBR",5,91.66,49.9,41.76,NA,"ee","3LoTh",5.5,1,-1.4,NA,"-0.7","-1.4","-1.4","-1.4","-1.4","-1.4","-2","-1.4","-1.4",4.1
16," KEMP Stacey / KING David","GBR",5,91.66,49.9,41.76,NA,"ee","5TLi4",6.6,1,0,NA,"0","0","0","0","-0.5","0","0","0","0",6.6
16," KEMP Stacey / KING David","GBR",5,91.66,49.9,41.76,NA,"ee","FiDs4",3.5,0,0.56,NA,"0.7","1.4","0","0","0","0.7","0.7","0.7","0.7",4.06
16," KEMP Stacey / KING David","GBR",5,91.66,49.9,41.76,NA,"pc","Skating Skills",NA,NA,NA,1.6,"5.25","4.50","5.25","5.50","5.50","5.75","5.00","5.50","5.25",5.25
16," KEMP Stacey / KING David","GBR",5,91.66,49.9,41.76,NA,"pc","Transitions / Linking Footwork",NA,NA,NA,1.6,"5.25","4.50","4.75","5.25","5.00","5.25","5.25","5.00","5.75",5.1
16," KEMP Stacey / KING David","GBR",5,91.66,49.9,41.76,NA,"pc","Performance / Execution",NA,NA,NA,1.6,"5.25","4.75","5.00","5.50","5.25","5.50","5.50","5.50","5.25",5.3
16," KEMP Stacey / KING David","GBR",5,91.66,49.9,41.76,NA,"pc","Choreography / Composition",NA,NA,NA,1.6,"5.25","4.25","5.25","5.50","5.50","5.50","5.50","5.00","6.00",5.3
16," KEMP Stacey / KING David","GBR",5,91.66,49.9,41.76,NA,"pc","Interpretation",NA,NA,NA,1.6,"5.00","4.00","5.00","5.25","5.25","5.50","5.00","5.50","5.50",5.15
16," KEMP Stacey / KING David","GBR",5,91.66,49.9,41.76,0,"ded",NA,NA,NA,NA,NA,NA,NA,NA,NA,NA,NA,NA,NA,NA,NA
17," MORAND Anais / DORSAZ Antoine","SUI",7,89.08,48.44,42.64,NA,"ee","5ALi3",6,0,0.8,NA,"1","1","0","1","1","1","1","0","1",6.8
17," MORAND Anais / DORSAZ Antoine","SUI",7,89.08,48.44,42.64,NA,"ee","3LoTh",5,0,0.84,NA,"1.4","0.7","0.7","1.4","1.4","0.7","0.7","0.7","0.7",5.84
17," MORAND Anais / DORSAZ Antoine","SUI",7,89.08,48.44,42.64,NA,"ee","2LzTw2",3.5,0,0,NA,"0.5","0.5","0","0","0","0","0","0","0.5",3.5
17," MORAND Anais / DORSAZ Antoine","SUI",7,89.08,48.44,42.64,NA,"ee","1A+2A+SEQ",3.44,0,-2.5,NA,"-2.5","-2.5","-2.5","-2.5","-2.5","-2.5","-2.5","-2.5","-2.5",0.94
17," MORAND Anais / DORSAZ Antoine","SUI",7,89.08,48.44,42.64,NA,"ee","SpSq4",3.4,0,0.8,NA,"1","1","0","1","1","2","1","0","0",4.2
17," MORAND Anais / DORSAZ Antoine","SUI",7,89.08,48.44,42.64,NA,"ee","3LzTh",6.05,1,-2,NA,"-2","-2","-2","-2","-2","-2","-2","-2","-2",4.05
17," MORAND Anais / DORSAZ Antoine","SUI",7,89.08,48.44,42.64,NA,"ee","5SLi2",5.5,1,0,NA,"0","0","0","0","0","0.5","0","0","0.5",5.5
17," MORAND Anais / DORSAZ Antoine","SUI",7,89.08,48.44,42.64,NA,"ee","3Li4",4.4,1,0,NA,"0","0","0","0","0.5","0","0","0","0",4.4
17," MORAND Anais / DORSAZ Antoine","SUI",7,89.08,48.44,42.64,NA,"ee","BoDs2",3.5,0,0.7,NA,"0.7","0.7","0","0.7","0.7","0.7","0.7","0.7","0",4.2
17," MORAND Anais / DORSAZ Antoine","SUI",7,89.08,48.44,42.64,NA,"ee","2F",1.87,1,0,NA,"0","0","0","-0.3","0","0","0","0","0",1.87
17," MORAND Anais / DORSAZ Antoine","SUI",7,89.08,48.44,42.64,NA,"ee","FCCoSp3",3,0,-0.36,NA,"-0.6","-0.3","-0.3","0","-0.3","-0.6","-0.3","-0.6","-0.3",2.64
17," MORAND Anais / DORSAZ Antoine","SUI",7,89.08,48.44,42.64,NA,"ee","PCoSp4",4.5,0,0,NA,"-0.3","0","0","0","0","0.5","0","0","0",4.5
17," MORAND Anais / DORSAZ Antoine","SUI",7,89.08,48.44,42.64,NA,"pc","Skating Skills",NA,NA,NA,1.6,"5.50","5.50","5.50","5.25","6.25","5.50","5.25","4.75","5.75",5.4
17," MORAND Anais / DORSAZ Antoine","SUI",7,89.08,48.44,42.64,NA,"pc","Transitions / Linking Footwork",NA,NA,NA,1.6,"5.25","5.00","5.00","5.50","6.00","5.75","5.00","4.50","5.50",5.25
17," MORAND Anais / DORSAZ Antoine","SUI",7,89.08,48.44,42.64,NA,"pc","Performance / Execution",NA,NA,NA,1.6,"5.00","5.00","5.00","5.25","6.25","5.50","5.00","4.75","5.50",5.15
17," MORAND Anais / DORSAZ Antoine","SUI",7,89.08,48.44,42.64,NA,"pc","Choreography / Composition",NA,NA,NA,1.6,"5.50","5.25","5.25","5.75","6.50","6.00","5.00","4.75","5.50",5.45
17," MORAND Anais / DORSAZ Antoine","SUI",7,89.08,48.44,42.64,NA,"pc","Interpretation",NA,NA,NA,1.6,"5.25","5.50","5.25","5.25","6.25","5.75","5.25","4.50","5.25",5.4
17," MORAND Anais / DORSAZ Antoine","SUI",7,89.08,48.44,42.64,-2,"ded",NA,NA,NA,NA,NA,NA,NA,NA,NA,NA,NA,NA,NA,NA,NA
18," SULEJ Joanna / CHRUSCINSKI Mateusz","POL",4,86.52,49.44,38.08,NA,"ee","2A+2T",4.8,0,0.2,NA,"1","1","0","0","-0.8","-0.8","0","1","0",5
18," SULEJ Joanna / CHRUSCINSKI Mateusz","POL",4,86.52,49.44,38.08,NA,"ee","5ALi4",6.5,0,0.4,NA,"0","1","0","1","0","1","0","0","1",6.9
18," SULEJ Joanna / CHRUSCINSKI Mateusz","POL",4,86.52,49.44,38.08,NA,"ee","3STh",4.5,0,-1.4,NA,"-1.4","-1.4","-1.4","-1.4","-1.4","-1.4","-1.4","-1.4","-1.4",3.1
18," SULEJ Joanna / CHRUSCINSKI Mateusz","POL",4,86.52,49.44,38.08,NA,"ee","2FTw3",4,0,-0.24,NA,"-0.3","-0.6","-0.3","0","-0.3","0","0","0","-0.3",3.76
18," SULEJ Joanna / CHRUSCINSKI Mateusz","POL",4,86.52,49.44,38.08,NA,"ee","2LzTh",3,0,0,NA,"0","0","0","0","0","0","0","0","0",3
18," SULEJ Joanna / CHRUSCINSKI Mateusz","POL",4,86.52,49.44,38.08,NA,"ee","SpSq3",3.1,0,0.4,NA,"0.5","0.5","0","0.5","0","0.5","0.5","0","0.5",3.5
18," SULEJ Joanna / CHRUSCINSKI Mateusz","POL",4,86.52,49.44,38.08,NA,"ee","5SLi3",6.05,1,-0.1,NA,"0","0","0","0","-0.5","0","-0.5","0","0.5",5.95
18," SULEJ Joanna / CHRUSCINSKI Mateusz","POL",4,86.52,49.44,38.08,NA,"ee","BoDs2",3.5,0,0.14,NA,"0.7","0","0","0","0","0.7","0","0","0.7",3.64
18," SULEJ Joanna / CHRUSCINSKI Mateusz","POL",4,86.52,49.44,38.08,NA,"ee","CCoSp3",3,0,0.5,NA,"0.5","0.5","0","0.5","0.5","0.5","0.5","0.5","0.5",3.5
18," SULEJ Joanna / CHRUSCINSKI Mateusz","POL",4,86.52,49.44,38.08,NA,"ee","2Lz",2.09,1,0,NA,"0","0","0","0","0","-0.3","-0.3","0","0",2.09
18," SULEJ Joanna / CHRUSCINSKI Mateusz","POL",4,86.52,49.44,38.08,NA,"ee","3Li4",4.4,1,0.1,NA,"0","0","0","0.5","0","0","0","0","0.5",4.5
18," SULEJ Joanna / CHRUSCINSKI Mateusz","POL",4,86.52,49.44,38.08,NA,"ee","PCoSp4",4.5,0,0,NA,"0","0","0","0","-0.3","-0.3","0","0","0",4.5
18," SULEJ Joanna / CHRUSCINSKI Mateusz","POL",4,86.52,49.44,38.08,NA,"pc","Skating Skills",NA,NA,NA,1.6,"5.00","5.00","4.75","5.50","4.25","5.00","4.75","5.25","5.00",4.9
18," SULEJ Joanna / CHRUSCINSKI Mateusz","POL",4,86.52,49.44,38.08,NA,"pc","Transitions / Linking Footwork",NA,NA,NA,1.6,"4.00","4.75","4.50","5.00","3.75","4.50","4.25","4.75","4.50",4.4
18," SULEJ Joanna / CHRUSCINSKI Mateusz","POL",4,86.52,49.44,38.08,NA,"pc","Performance / Execution",NA,NA,NA,1.6,"4.75","4.75","4.50","5.50","4.50","4.75","5.00","4.75","4.75",4.75
18," SULEJ Joanna / CHRUSCINSKI Mateusz","POL",4,86.52,49.44,38.08,NA,"pc","Choreography / Composition",NA,NA,NA,1.6,"4.75","5.00","4.75","5.50","4.00","4.75","4.75","5.00","5.25",4.9
18," SULEJ Joanna / CHRUSCINSKI Mateusz","POL",4,86.52,49.44,38.08,NA,"pc","Interpretation",NA,NA,NA,1.6,"5.00","5.00","4.50","5.25","4.00","4.50","4.50","4.75","5.25",4.85
18," SULEJ Joanna / CHRUSCINSKI Mateusz","POL",4,86.52,49.44,38.08,-1,"ded",NA,NA,NA,NA,NA,NA,NA,NA,NA,NA,NA,NA,NA,NA,NA
19," SERGEJEVA Maria / GLEBOV Ilja","EST",3,82.72,43.92,38.8,NA,"ee","2LzTw1",3,0,0.3,NA,"0.5","0.5","0.5","0","0","0.5","0.5","0.5","0",3.3
19," SERGEJEVA Maria / GLEBOV Ilja","EST",3,82.72,43.92,38.8,NA,"ee","3LoTh",5,0,0,NA,"0","0.7","0","0","0.7","-0.7","0","0","0",5
19," SERGEJEVA Maria / GLEBOV Ilja","EST",3,82.72,43.92,38.8,NA,"ee","2A+1T",3.9,0,-1.96,NA,"-1.6","-1.6","-1.6","-1.6","-1.6","-2.5","-2.5","-2.5","-1.6",1.94
19," SERGEJEVA Maria / GLEBOV Ilja","EST",3,82.72,43.92,38.8,NA,"ee","5SLi4",6,0,0.3,NA,"0","0.5","0.5","0","0","0","0.5","1","0.5",6.3
19," SERGEJEVA Maria / GLEBOV Ilja","EST",3,82.72,43.92,38.8,NA,"ee","BoDs1",3,0,-0.28,NA,"0","0","0","-0.7","0","-0.7","-0.7","0","0",2.72
19," SERGEJEVA Maria / GLEBOV Ilja","EST",3,82.72,43.92,38.8,NA,"ee","PCoSp1",3,0,-0.06,NA,"-0.3","-0.3","0","0","0","0","-0.3","0","-0.3",2.94
19," SERGEJEVA Maria / GLEBOV Ilja","EST",3,82.72,43.92,38.8,NA,"ee","SpSq2",2.3,0,0.4,NA,"0","0","0.5","0.5","0","0","0.5","0.5","0.5",2.7
19," SERGEJEVA Maria / GLEBOV Ilja","EST",3,82.72,43.92,38.8,NA,"ee","2Lz",2.09,1,0,NA,"0","0.5","0","0","0","0","-0.3","0","0",2.09
19," SERGEJEVA Maria / GLEBOV Ilja","EST",3,82.72,43.92,38.8,NA,"ee","FCCoSp4",3.5,0,-0.36,NA,"-0.3","-0.3","-0.3","-0.3","-0.3","-0.6","-0.3","-0.6","-0.3",3.14
19," SERGEJEVA Maria / GLEBOV Ilja","EST",3,82.72,43.92,38.8,NA,"ee","5TLi3",6.05,1,0,NA,"-0.5","0.5","0","0","0","0","0","0","0",6.05
19," SERGEJEVA Maria / GLEBOV Ilja","EST",3,82.72,43.92,38.8,NA,"ee","3STh",4.95,1,-1.26,NA,"-1.4","-1.4","-0.7","-1.4","-0.7","-1.4","-2","-1.4","-1.4",3.69
19," SERGEJEVA Maria / GLEBOV Ilja","EST",3,82.72,43.92,38.8,NA,"ee","3Li3",3.85,1,0.2,NA,"0","0","0.5","0","0","0","0.5","0.5","0",4.05
19," SERGEJEVA Maria / GLEBOV Ilja","EST",3,82.72,43.92,38.8,NA,"pc","Skating Skills",NA,NA,NA,1.6,"4.75","5.50","5.50","5.25","5.50","4.25","4.25","4.75","5.50",5.05
19," SERGEJEVA Maria / GLEBOV Ilja","EST",3,82.72,43.92,38.8,NA,"pc","Transitions / Linking Footwork",NA,NA,NA,1.6,"4.25","5.00","4.50","5.00","5.00","4.75","4.00","4.00","5.25",4.65
19," SERGEJEVA Maria / GLEBOV Ilja","EST",3,82.72,43.92,38.8,NA,"pc","Performance / Execution",NA,NA,NA,1.6,"4.50","5.00","5.25","5.25","5.25","4.25","4.00","4.50","5.50",4.9
19," SERGEJEVA Maria / GLEBOV Ilja","EST",3,82.72,43.92,38.8,NA,"pc","Choreography / Composition",NA,NA,NA,1.6,"4.50","5.00","5.00","5.25","5.25","4.75","4.50","4.00","5.25",4.95
19," SERGEJEVA Maria / GLEBOV Ilja","EST",3,82.72,43.92,38.8,NA,"pc","Interpretation",NA,NA,NA,1.6,"4.25","5.25","5.00","5.25","5.00","4.00","4.25","4.00","5.25",4.7
19," SERGEJEVA Maria / GLEBOV Ilja","EST",3,82.72,43.92,38.8,0,"ded",NA,NA,NA,NA,NA,NA,NA,NA,NA,NA,NA,NA,NA,NA,NA
20," KOSTENKO Ekaterina / TALAN Roman","UKR",2,81.44,45.52,35.92,NA,"ee","2A",3.5,0,0,NA,"0","0","0","1","0","0","0","-0.8","0",3.5
20," KOSTENKO Ekaterina / TALAN Roman","UKR",2,81.44,45.52,35.92,NA,"ee","2LzTw1",3,0,0,NA,"0","0","0","0","0","0.5","0","0","0",3
20," KOSTENKO Ekaterina / TALAN Roman","UKR",2,81.44,45.52,35.92,NA,"ee","3LoTh",5,0,-1.26,NA,"-0.7","-1.4","0","-1.4","-1.4","-1.4","0","-1.4","-1.4",3.74
20," KOSTENKO Ekaterina / TALAN Roman","UKR",2,81.44,45.52,35.92,NA,"ee","5TLi3",5.5,0,0.1,NA,"0","0","0","0.5","0","0","0","0.5","0",5.6
20," KOSTENKO Ekaterina / TALAN Roman","UKR",2,81.44,45.52,35.92,NA,"ee","FCCoSp2",2.5,0,-0.18,NA,"0","-0.3","-0.3","0","-0.3","0","-0.3","0","-0.3",2.32
20," KOSTENKO Ekaterina / TALAN Roman","UKR",2,81.44,45.52,35.92,NA,"ee","SpSq4",3.4,0,0.6,NA,"1","0","0","1","0","1","0","1","1",4
20," KOSTENKO Ekaterina / TALAN Roman","UKR",2,81.44,45.52,35.92,NA,"ee","3LzTh",6.05,1,-1.4,NA,"-1.4","-1.4","-1.4","-1.4","-1.4","-1.4","-0.7","-1.4","-1.4",4.65
20," KOSTENKO Ekaterina / TALAN Roman","UKR",2,81.44,45.52,35.92,NA,"ee","5ALi3",6.6,1,-0.14,NA,"0","-0.7","-1.4","0","-0.7","0","0","0","0",6.46
20," KOSTENKO Ekaterina / TALAN Roman","UKR",2,81.44,45.52,35.92,NA,"ee","2S+2Lo+SEQ",2.46,1,0,NA,"0.5","0","0","0","0","0","0","-0.3","0",2.46
20," KOSTENKO Ekaterina / TALAN Roman","UKR",2,81.44,45.52,35.92,NA,"ee","3Li3",3.85,1,0,NA,"0","0","0","0","0","0","0","0","0",3.85
20," KOSTENKO Ekaterina / TALAN Roman","UKR",2,81.44,45.52,35.92,NA,"ee","BoDs1",3,0,-1.26,NA,"-0.7","-1.4","0","-0.7","-1.4","-0.7","-1.4","-2","-1.4",1.74
20," KOSTENKO Ekaterina / TALAN Roman","UKR",2,81.44,45.52,35.92,NA,"ee","PCoSp3",4,0,0.2,NA,"0.5","0","0","0","0.5","0.5","0","0","0.5",4.2
20," KOSTENKO Ekaterina / TALAN Roman","UKR",2,81.44,45.52,35.92,NA,"pc","Skating Skills",NA,NA,NA,1.6,"4.75","4.25","4.75","5.00","4.25","5.25","5.25","4.25","5.00",4.65
20," KOSTENKO Ekaterina / TALAN Roman","UKR",2,81.44,45.52,35.92,NA,"pc","Transitions / Linking Footwork",NA,NA,NA,1.6,"4.00","3.25","4.25","5.00","3.50","4.50","4.75","4.00","4.75",4.2
20," KOSTENKO Ekaterina / TALAN Roman","UKR",2,81.44,45.52,35.92,NA,"pc","Performance / Execution",NA,NA,NA,1.6,"5.00","4.00","4.75","5.25","3.75","4.75","5.00","4.50","4.75",4.65
20," KOSTENKO Ekaterina / TALAN Roman","UKR",2,81.44,45.52,35.92,NA,"pc","Choreography / Composition",NA,NA,NA,1.6,"4.50","3.75","5.00","5.25","3.75","5.00","5.00","4.50","4.75",4.5
20," KOSTENKO Ekaterina / TALAN Roman","UKR",2,81.44,45.52,35.92,NA,"pc","Interpretation",NA,NA,NA,1.6,"4.50","3.75","4.50","5.00","4.25","4.75","4.75","4.00","4.75",4.45
20," KOSTENKO Ekaterina / TALAN Roman","UKR",2,81.44,45.52,35.92,0,"ded",NA,NA,NA,NA,NA,NA,NA,NA,NA,NA,NA,NA,NA,NA,NA
